code accident;date;heure;d‚partement;commune;massif;site;"coordonn‚es
zone d‚part";altitude;inclinaison;orientation;groupe;emport‚s;"ensevelis 
tˆte";"ensevelis 
total";"ensevelis partiels 
critiques";"ensevelis partiels 
non critiques";d‚c‚d‚s;bless‚es;indemnes;activit‚;"engin 
progression";‚volution;BRA;"qualit‚ 
neige";"coh‚sion
neige";"type 
d‚part";cause d‚part;"d‚nivel‚
(mŠtres)";"largeur 
cassure
(mŠtres)";"‚paisseur
cassure max.  
(cm)";;;
1617-04-01;26/03/2017;14:10;04;saint paul sur ubaye;ubaye;col mirandol vallon grand;44ø30'15.4 / 6ø47'58.2;2480;40-44;NO;5;4;2;2;0;2;0;1;3;randonn‚e;ski;descente;4;sŠche;tendre;lin‚aire;accidentelle soi-mˆme;50;90;45;;;
1617-05-01;27/12/2016;15:10;05;cerviŠres;queyras;petit peygu face nord est;"44ø50'31.11"" / 6ø42'25.83""";2570;35-39;NE;5;5;0;0;0;0;0;3;2;randonn‚e;ski;descente;3;sŠche;dure;lin‚aire;accidentelle soi-mˆme;;40;30;;;
1617-05-02;29/01/2017;11:40;05;ceillac;queyras;col des ugousses;;;;;2;2;0;0;0;0;0;1;1;randonn‚e;ski;;2;;;lin‚aire;accidentelle soi-mˆme;;;;;;
1617-05-03;04/02/2017;;05;d‚voluy;d‚voluy;vallon pierea d'agnŠre combe sommarel;;2300;;NO;10;3;2;2;0;1;0;0;3;hors-piste;ski;descente;;sŠche;;lin‚aire;accidentelle soi-mˆme;;;;;;
1617-05-04;11/02/2017;15:55;05;val des pr‚s;queyras;couloir ombilic;"44ø53'39.24"" / 6ø41'57.31""";2350;40-44;N;3;1;1;1;0;0;1;0;0;hors-piste;ski;descente;3;sŠche;;lin‚aire;accidentelle soi-mˆme;250;;80;;;
1617-05-05;11/02/2017;11:00;05;val des pr‚s;queyras;couloir bois vacher;"44ø54'20.75"" / 6ø42'14.6""";2270;35-39;O;2;1;0;0;0;1;0;1;0;hors-piste;ski;descente;3;sŠche;;lin‚aire;accidentelle soi-mˆme;320;;;;;
1617-05-06;17/02/2017;12:35;05;montgenŠvre;thabor;couloir nord est mont chaberton;"44ø57'57.8"" / 6ø45'2.6""";3040;40-44;NE;3;3;0;0;0;3;3;0;0;randonn‚e;ski;descente;3;sŠche;;lin‚aire;;620;50;;;;
1617-05-07;03/03/2017;12:30;05;risoul;embrunnais;cabane valbelle;;;;;;1;0;0;0;1;0;1;0;hors-piste;ski;descente;3;sŠche;;lin‚aire;accidentelle soi-mˆme;;;;;;
1617-05-08;04/03/2017;;05;saint chaffrey;pelvoux;couloir NE sous prorel;"44ø54'26.67"" / 6ø34'50.41""";2440;35-39;NE;2;2;0;0;0;1;0;1;1;hors-piste;ski;travers‚e;3;sŠche;;lin‚aire;accidentelle soi-mˆme;210;50;40;;;
1617-05-09;07/03/2017;16:00;05;saint andr‚ d'embrun;embrunais parpaillon;clos chardon;"44ø35'5.73 / 6ø38'29.58""";2315;>45;NE;3;2;1;1;0;1;1;0;1;hors-piste;ski;descente;4;sŠche;dure;lin‚aire;accidentelle tiers;20;50;120;;;
1617-05-10;07/03/2017;10:05;05;abriŠs;queyras;crˆte de gilly / grande combe;"44ø47'57.8 / 6ø57'28.6""";2430;40-44;N;2;1;1;1;0;0;0;1;0;hors-piste;ski;descente;4;sŠche;tendre;lin‚aire;accidentelle soi-mˆme;450;300;150;;;
1617-05-11;12/03/2017;13:55;05;guillestre;embrunais parpaillon;crˆte de razis;;;;N;3;1;0;0;0;1;0;1;0;hors-piste;ski;descente;2;sŠche;dure;lin‚aire;accidentelle soi-mˆme;200;30;50;;;
1617-05-12;12/03/2017;14:50;05;cerviŠres;queyras;face N arpelin;"44ø49'38"" / 6ø44'20""";2500;35-39;N;13;1;0;0;0;0;0;0;1;randonn‚e;raquettes;;2;humide;tendre;lin‚aire;accidentelle soi-mˆme;200;450;;;;
1617-05-13;16/04/2017;09:55;05;crots;embrunais parpaillon;gros ferrant;"44ø28'06.98"" / 6ø27'31.63";2270;40-44;N;2;2;0;0;0;0;0;1;1;randonn‚e;ski;descente;2;humide;dure;lin‚aire;accidentelle soi-mˆme;420;100;;;;
1617-05-14;08/05/2017;12:00;05;vars;queyras;couloir nord crˆte laugier;"44ø35'38.38"" / 6ø45'29.09""";2950;>45;NE;1;1;0;0;0;0;1;0;0;randonn‚e;ski;mont‚e;;humide;tendre;;naturelle;450;;;;;
1617-06-01;07/03/2017;12:00;06;isola;mercantour;sistron cloutas;;;;;1;1;0;0;0;1;0;0;1;hors-piste;ski;descente;3;sŠche;;lin‚aire;accidentelle soi-mˆme;;;;;;
1617-06-02;07/03/2017;14:15;06;isola;mercantour;sistron cloutas;;;;;1;1;0;0;0;1;0;0;1;hors-piste;ski;descente;3;sŠche;;lin‚aire;accidentelle soi-mˆme;;;;;;
1617-38-01;20/12/2016;20:00;38;saint christophe en oisans;oisans;refuge pilatte;"44ø52'14.33"" / 6ø19'52.73""";2560;>45;NE;3;3;0;0;0;0;0;1;2;randonn‚e;… pieds;mont‚e;2;sŠche;tendre;lin‚aire;accidentelle soi-mˆme;160;450;;;;
1617-38-02;12/02/2017;14:00;38;st christophe sur guiers;chartreuse;pas du loup;31T719513 / 5029285;1400;30-34;SO;2;1;0;0;0;0;0;1;0;randonn‚e;ski;descente;2;humide;tendre;ponctuel;accidentelle soi-mˆme;50;;;;;
1617-64-01;14/01/2017;12:17;64;laruns;aspe ossau;crete de gabarderes;"42ø51'5"" / 0ø22'6""";2300;35-39;N;3;3;2;2;0;1;1;1;1;randonn‚e;ski;descente;3;sŠche;tendre;lin‚aire;accidentelle soi-mˆme;450;100;;;;
1617-68-01;12/02/2017;13:45;68;stosswhir;hohneck;couloir en Y;"48ø02'27"" / 7ø00'47""";1300;>45;N;4;2;0;0;0;0;0;1;1;alpinisme;… pieds;mont‚e;;humide;dure;lin‚aire;accidentelle soi-mˆme;120;20;40;;;
1617-73-01;20/11/2016;12:30;73;champagny en vanoise;vanoise;col des v‚s;;;;;4;1;0;0;0;1;0;1;0;hors-piste;ski;descente;;;;lin‚aire;accidentelle soi-mˆme;;;;;;
1617-73-02;13/01/2017;11:00;73;tignes;haute-tarentaise;secteur palet, entre pentes Lognan et t‚l‚siŠge Tichot;;2400;30-34;SE;3;1;1;1;0;0;0;1;0;hors-piste;ski;descente;3;sŠche;tendre;lin‚aire;accidentelle soi-mˆme;20;40;160;;;
1617-73-03;14/01/2017;14:00;73;bonneval sur arc;haute maurienne;plan de l'aigle NO Ouille Motta;;2300;40-44;NO;5;2;0;0;0;2;0;0;2;randonn‚e;ski;descente;3;sŠche;;lin‚aire;accidentelle soi-mˆme;240;50;;;;
1617-73-04;14/01/2017;13:00;73;saint bon tarentaise;vanoise;saulire;;;;;;1;1;1;0;0;0;0;1;hors-piste;ski;descente;3;sŠche;;lin‚aire;accidentelle soi-mˆme;;;;;;
1617-73-05;19/01/2017;11:50;73;saint bon tarentaise;vanoise;col du biol;"45ø22'44.52 / 6ø41'14.04""";2430;30-34;O;15;1;1;1;0;0;0;0;1;randonn‚e;ski;travers‚e;3;sŠche;dure;lin‚aire;accidentelle soi-mˆme;120;50;30;;;
1617-73-06;20/01/2017;14:30;73;sainte foy tarentaise;haute-tarentaise;col de l'argentiere archeboc;"45ø35'52.77"" / 6ø57'33.75""";2150;35-39;NO;3;1;1;1;0;0;1;0;0;randonn‚e;ski;descente;2;sŠche;dure;lin‚aire;accidentelle soi-mˆme;130;200;50;;;
1617-73-07;28/01/2017;16:17;73;montricher albane;maurienne;combe des sallanches;"45ø11'4.94"" / 6ø23""21.14""";2460;35-39;NE;2;1;0;0;0;1;0;1;0;randonn‚e;ski;descente;3;sŠche;;lin‚aire;accidentelle tiers;220;20;40;;;
1617-73-08;05/02/2017;14:40;73;modane;haute maurienne;couloir en Y du seuil;"45ø9'50.76"" / 6ø39'56.86""";2240;35-39;NE;2;1;1;1;0;0;1;0;0;hors-piste;ski;descente;3;sŠche;;lin‚aire;accidentelle soi-mˆme;430;40;100;;;
1617-73-09;12/02/2017;14:55;73;le chatel;vanoise;la barniŠre;"45ø19'46.4"" / 6ø22'14.9""";1490;;;5;1;0;0;0;0;0;0;1;randonn‚e;;;3;;;lin‚aire;accidentelle soi-mˆme;;;;;;
1617-73-10;13/02/2017;10:35;73;tignes;haute-tarentaise;pentes du lavachet;"45ø27'54.74"" / 6ø55'6.35""";2450;40-44;NO;4;4;4;4;0;0;4;0;0;hors-piste;… pieds;travers‚e;3;sŠche;dure;lin‚aire;accidentelle soi-mˆme;330;50;100;;;
1617-73-11;16/02/2017;11:00;73;lanslevillard;haute maurienne;secteur pas de l'arcelle;"45ø16'45.38"" / 6ø57'09.31""";2450;35-39;NE;9;5;0;0;0;5;0;0;5;randonn‚e;ski;travers‚e;3;sŠche;dure;lin‚aire;accidentelle soi-mˆme;160;200;70;;;
1617-73-12;03/03/2017;14:25;73;villaroger;vanoise;combe des lanchettes;;2300;;;7;5;0;0;0;0;0;0;5;hors-piste;ski;descente;3;sŠche;;lin‚aire;accidentelle soi-mˆme;;;;;;
1617-73-14;07/03/2017;16:00;73;modane;haute maurienne;couloir du seuil;"45ø9'50.05"" // 6ø39'57.24""";2251;35-39;NE;3;3;2;2;0;1;3;0;0;hors-piste;snowboard;descente;4;sŠche;tendre;lin‚aire;accidentelle soi-mˆme;475;115;200;;;
1617-73-15;30/04/2017;12:05;73;bourg saint maurice;beaufortain;versant nord col nova;;;;;1;1;0;0;0;1;0;1;0;randonn‚e;ski;descente;;sŠche;;lin‚aire;accidentelle soi-mˆme;;;;;;
1617-73-16;05/05/2017;;73;avrieux;haute maurienne;face NO aiguille scolette;;;;;2;2;0;0;0;0;0;1;1;randonn‚e;;;;;;lin‚aire;accidentelle soi-mˆme;;;;;;
1617-73-17;09/05/2017;11:00;73;bonneval sur arc;haute maurienne;col du greffier couloir;"45ø20'41.38"" / 7ø5'44.64""";2990;>45;NO;3;3;0;0;0;3;3;0;0;alpinisme;… pieds;mont‚e;;sŠche;dure;lin‚aire;accidentelle soi-mˆme;350;40;100;;;
1617-73-18;20/05/2017;18:10;73;sainte foy tarentaise;haute tarentaise;face nord pointe des plates des chamois sous point cot‚ 3441 m;"45ø32'18.01"" / 6ø58'20.03""";3240;>45;N;2;1;0;0;0;0;1;0;0;randonn‚e;ski;descente;;humide;tendre;lin‚aire;accidentelle soi-mˆme;640;;;;;
1617-73-19;13/11/2016;11:15;73;tignes;haute tarentaise;face nord pointe du chardonnet;;2800;;;4;1;0;0;0;0;0;0;1;randonn‚e;ski;mont‚e;;;;lin‚aire;accidentelle soi-mˆme;;;;;;
1617-73-20;01/03/2017;15:00;73;lanslevillard;haute maurienne;pas du loup;;2250;>45;;3;1;0;0;0;0;0;1;0;randonn‚e;ski;descente;;sŠche;;lin‚aire;accidentelle soi-mˆme;;;;;;
1617-73-13;07/03/2017;09:45;73;tignes;haute tarentaise;grande balme piste Carline;"45ø26'43.09"" / 6ø53'8.77""";2650;40-44;N;33;33;6;1;5;14;0;2;31;piste;ski;descente;4;sŠche;tendre;lin‚aire;naturelle;350;120;200;;;
1617-74-01;12/02/2017;13:15;74;la clusaz;aravis;combe du rocher jaune face N pointe merdassier;32T0302123 / 5082122;1970;35-39;N;4;2;1;1;0;0;1;0;1;randonn‚e;ski;descente;2;sŠche;tendre;lin‚aire;accidentelle tiers;320;100;;;;
1617-74-02;12/02/2017;08:30;74;praz sur arly;mont blanc;secteur V‚ry;32t 316209/5074550;2250;35-39;NO;1;1;1;1;0;0;1;0;0;randonn‚e;ski;descente;2;sŠche;dure;lin‚aire;accidentelle soi-mˆme;375;150;150;;;
1617-74-03;28/04/2017;;74;avoriaz;chablais;;;;;;;1;1;1;0;0;0;1;0;randonn‚e;ski;;;;;;;;;;;;
1516-04-01;05/03/2016;16:40;04;enchastrayes;ubaye;les roubines / super sauze;"44ø20'52.1"" / 6ø40'45.4""";1970;40-44;N;2;2;0;0;0;1;0;1;1;hors-piste;ski;descente;4;sŠche;tendre;lin‚aire;accidentelle soi-mˆme;70;40;40;;;
1516-05-01;16/01/2016;12:00;05;les orres;embrunnais-parpaillon;tˆte de la mazeliŠre / rocher marcelinas;;;;;2;1;0;0;0;1;0;1;0;randonn‚e;ski;mont‚e;;;;lin‚aire;accidentelle soi-mˆme;;;;;;
1516-05-02;14/02/2016;12:30;05;Vars;embrunnais-parpaillon;chagnon de peinier;;;;;2;1;1;1;0;0;0;1;0;hors-piste;ski;descente;3;;;lin‚aire;accidentelle soi-mˆme;;;;;;
1516-05-03;23/02/2016;13:00;05;ceillac;queyras;vallon ste anne;"44ø37'14.6"" / 6ø48'6.45""";2520;35-39;NE;20;3;1;1;0;0;1;0;2;randonn‚e;ski;descente;3;humide;tendre;lin‚aire;accidentelle soi-mˆme;80;;60;;;
1516-05-04;24/04/2016;;05;pelvoux;pelvoux;coup de sabre;;;>45;NO;2;2;0;0;0;0;0;0;2;alpinisme;… pieds;;;;;;;;;;;;
1516-38-01;13/01/2016;15:45;38;mont de lans;oisans;piste noire de Bellecombe / montagne de Rachas;"44ø59'41.59"" / 6ø9'28.08""";2690;35-39;NE;11;5;4;3;1;0;3;1;1;hors-piste;ski;descente;3;sŠche;;lin‚aire;accidentelle tiers;370;100;200;;;
1516-38-02;05/03/2016;12:00;38;les adrets;belledonne;;;;;;2;2;0;0;0;0;0;2;0;hors-piste;ski;descente;;sŠche;;lin‚aire;accidentelle soi-mˆme;;;;;;
1516-38-03;07/03/2016;11:45;38;la ferriŠre;belledonne;combe perdue;;;;;1;1;1;0;1;0;0;1;0;hors-piste;ski;descente;3;sŠche;tendre;lin‚aire;accidentelle tiers;;;;;;
1516-38-04;24/04/2016;11:00;38;laval;belledonne;cime de la jasse est;;2300;30-34;SE;9;5;3;2;1;1;0;0;5;randonn‚e;ski;mont‚e;;;;lin‚aire;accidentelle soi-mˆme;;;;;;
1516-63-01;01/05/2016;12:00;63;mont dore;mont dore;cascade de la dore;;;;N;2;1;1;1;0;0;0;1;0;randonn‚e;ski;;;;;lin‚aire;accidentelle soi-mˆme;;;;;;
1516-65-01;08/03/2016;;65;bagnŠres de bigorre;haute bigorre;col d'aouet;;;;NO;5;2;1;1;0;1;0;1;1;randonn‚e;ski;;;;;;;;;;;;
1516-65-02;22/03/2016;17:35;65;bareges;haute bigorre;entr‚e vallon dets coubous;"42ø53'38.2"" / 0ø6'44.11""";1850;>45;O;15;15;0;0;0;3;0;6;9;randonn‚e;raquettes;travers‚e;2;humide;tendre;lin‚aire;naturelle;300;10;40;;;
1516-65-03;17/04/2016;08:30;65;bagnŠres de bigorre;haute bigorre;couloir des poubelles pic du midi (couloir nord est);"42ø56'19.26"" / 0ø08'53.07""";2360;40-44;NE;3;3;0;0;0;3;2;1;0;alpinisme;… pieds;mont‚e;3;;;;;;;;;;
1516-66-01;20/03/2016;11:00;66;porta;capcir puymorens;roc des isards;;;;;4;4;0;0;0;0;0;1;3;randonn‚e;… pieds;;3;humide;;;accidentelle soi-mˆme;;;;;;
1516-68-01;13/02/2016;14:15;68;stockersohn;ballon des vosges;secteur col des perches;;;;;8;1;0;0;0;0;0;0;1;randonn‚e;raquettes;travers‚e;;;;;naturelle;;;;;;
1516-73-01;05/01/2016;13:58;73;saint colomban les villards;maurienne;pierre du turc / crˆte de tˆte bellard;"45ø15'09"" / 6ø13'26""";2150;40-44;NO;2;1;1;1;0;0;1;0;0;hors-piste;ski;descente;4;;;lin‚aire;accidentelle soi-mˆme;290;50;;;;
1516-73-02;05/01/2016;11:50;73;val d'isere;haute tarentaise;super santon;"44ø26'6"" / 6ø57'24""";2375;35-39;SE;4;1;1;1;0;0;1;0;0;hors-piste;ski;descente;4;sŠche;tendre;lin‚aire;accidentelle soi-mˆme;100;50;80;;;
1516-73-03;05/01/2016;10:24;73;val d'isere;haute tarentaise;HP du Cairn / Bellevarde;"45ø26'39"" / 6ø57'17""";2650;40-44;E;3;3;2;2;0;0;0;1;2;hors-piste;ski;travers‚e;4;sŠche;;lin‚aire;accidentelle soi-mˆme;80;70;;;;
1516-73-04;09/01/2016;13:00;73;les allues;vanoise;mont de p‚clet;;;;;1;1;0;0;0;0;0;0;1;hors-piste;ski;descente;;sŠche;;lin‚aire;accidentelle soi-mˆme;150;;;;;
1516-73-05;13/01/2016;13:54;73;tignes;haute tarentaise;pentes du lac de Tignes;"45ø27'51"" / 6ø54'38";2205;35-39;NO;1;1;0;0;0;1;0;1;0;hors-piste;ski;descente;4;sŠche;tendre;lin‚aire;accidentelle soi-mˆme;125;80;100;;;
1516-73-06;17/01/2016;16:30;73;saint martin de belleville;vanoise;piste david douillet;;;;;1;1;0;0;0;0;0;0;1;piste;ski;descente;3;;;lin‚aire;;;30;;;;
1516-73-07;18/01/2016;15:05;73;tignes;haute tarentaise;couloir des gendarmes;;2600;35-39;NE;4;1;0;0;0;0;0;1;0;hors-piste;ski;descente;3;sŠche;dure;lin‚aire;accidentelle soi-mˆme;300;60;50;;;
1516-73-08;18/01/2016;13:05;73;modane;haute maurienne;col du petit argentier;"45ø8'8.47"" / 6ø38'53.22""";2600;>45;E;52;18;11;8;3;7;6;8;4;randonn‚e;ski;mont‚e;3;sŠche;;lin‚aire;accidentelle soi-mˆme;260;220;180;;;
1516-73-09;20/01/2016;12:25;73;les allues;vanoise;crˆte roc des trois/mont de la chambre versant est;"45ø19'58"" / 6ø34'21""";2650;>45;E;2;1;1;1;0;0;0;1;0;hors-piste;ski;descente;3;sŠche;;lin‚aire;accidentelle soi-mˆme;130;180;200;;;
1516-73-10;21/01/2016;;73;champagny en vanoise;vanoise;combe des arri‚r‚s;;;;;3;3;0;0;0;0;0;0;3;hors-piste;ski;descente;;sŠche;tendre;lin‚aire;accidentelle soi-mˆme;;200;;;;
1516-73-11;21/01/2016;13:55;73;la cote d'aime;beaufortain;mont rosset;;2440;;;1;1;0;0;0;0;0;1;0;randonn‚e;ski;;;sŠche;;lin‚aire;accidentelle soi-mˆme;;;;;;
1516-73-12;25/01/2016;14:50;73;champagny en vanoise;vanoise;vallon de la veliŠre;;;>45;S;3;1;0;0;0;0;0;1;0;randonn‚e;… pieds;travers‚e;;humide;tendre;;naturelle;;;;;;
1516-73-13;27/01/2016;11:38;73;saint bon courchevel;vanoise;couloir du ruisseau de la planche / vall‚e des avanchers;"45ø22'5"" / 6ø39'39""";2490;30-34;NE;9;4;0;0;0;1;0;1;3;hors-piste;ski;descente;2;sŠche;tendre;lin‚aire;accidentelle soi-mˆme;;50;30;;;
1516-73-14;06/02/2016;14:35;73;landry;vanoise;couloir NO aiguille grive;;;;;3;1;0;0;0;1;0;1;0;hors-piste;ski;descente;;sŠche;;lin‚aire;accidentelle soi-mˆme;;;;;;
1516-73-15;13/02/2016;12:55;73;la perriŠre;vanoise;les lanches;"45ø24'40"" / 6ø35""55""";2150;40-44;N;1;1;1;0;1;0;1;0;0;hors-piste;ski;descente;;sŠche;tendre;lin‚aire;accidentelle soi-mˆme;380;50;;;;
1516-73-16;15/02/2016;16:25;73;bonneval sur arc;haute maurienne;pointe d'andagne;"45ø20'55.78"" / 7ø3'31.19""";3000;40-44;O;4;1;1;1;0;0;0;1;0;hors-piste;ski;descente;3;sŠche;tendre;lin‚aire;accidentelle soi-mˆme;125;150;100;;;
1516-73-17;15/03/2016;14:15;73;saint martin belleville;vanoise;face SE cochet;;1700;;;2;2;0;0;0;0;0;0;2;randonn‚e;ski;mont‚e;;;;;;;;;;;
1516-73-18;05/04/2016;10:30;73;bessans;haute maurienne;piste noire de fond Barmette / couloir issu pointe de Tierce;"45ø18'57"" / 7ø0'21""";1970;35-39;NO;12;7;0;0;0;3;0;2;5;piste;ski;arrˆt;3;humide;tendre;lin‚aire;naturelle;220;30;120;;;
1516-73-19;19/04/2016;13:05;73;tignes;haute tarentaise;rocher de la grande balme;;2880;40-44;N;4;1;0;0;0;1;0;1;0;hors-piste;ski;descente;2;sŠche;dure;lin‚aire;accidentelle soi-mˆme;280;40;80;;;
1516-74-01;03/01/2016;12:45;74;chamonix;mont blanc;petite verte grand montets;"45ø56'40.4"" / 6ø57'46.5";3390;30-34;N;3;3;1;0;1;1;2;0;1;alpinisme;… pieds;mont‚e;3;sŠche;tendre;lin‚aire;accidentelle soi-mˆme;290;40;50;;;
1516-74-02;11/01/2016;;74;chamonix;mont blanc;route col des montets;;;;;1;1;0;0;0;0;0;0;1;voie de communication;;;4;;;;naturelle;;;;;;
1516-74-03;13/01/2016;13:35;74;morzine;chablais;secteur arare;;2255;40-44;NO;5;1;0;0;0;0;0;1;0;piste;ski;descente;3;sŠche;dure;lin‚aire;naturelle;110;60;250;;;
1516-74-04;30/01/2016;09:57;74;la clusaz;aravis;combe du grand crˆt / tˆte pelouse;"45ø54'34.9"" / 6ø30'36.9""";2500;40-44;NO;2;1;1;1;0;0;1;0;0;randonn‚e;ski;descente;2;sŠche;dure;lin‚aire;accidentelle soi-mˆme;440;150;150;;;
1516-74-05;12/02/2016;;74;chamonix;mont blanc;couloir ortha;;;;NO;2;2;0;0;0;0;0;1;1;randonn‚e;raquettes;travers‚e;;;;;;;;;;;
1516-74-06;27/02/2016;18:00;74;saint gervais les bains;mont blanc;mont lachat;32T0328725 / 5081321;2015;30-34;O;1;1;0;0;0;1;0;1;0;randonn‚e;raquettes;mont‚e;3;sŠche;tendre;lin‚aire;accidentelle soi-mˆme;200;50;200;;;
1516-74-07;27/02/2016;10:15;74;chamonix;mont blanc;lac du br‚vent;32T331433 / 5088949;2100;30-34;SO;1;1;1;1;0;0;1;0;0;randonn‚e;ski;descente;3;sŠche;dure;lin‚aire;accidentelle soi-mˆme;100;75;;;;
1516-74-08;27/02/2016;11:10;74;la clusaz;aravis;combe de la grande forclaz;32T0307842 / 5089692;1980;35-39;NO;3;1;1;1;0;0;0;0;1;randonn‚e;ski;descente;;sŠche;dure;lin‚aire;accidentelle soi-mˆme;90;30;40;;;
1516-74-09;27/02/2016;13:45;74;sixt fer … cheval;chablais;couloir du lion;32T 0331591 / 5098664;1750;35-39;SE;1;1;0;0;0;1;0;1;0;randonn‚e;… pieds;mont‚e;3;sŠche;tendre;lin‚aire;naturelle;100;20;200;;;
1516-74-10;09/03/2016;;74;le petit bornand des gliŠres;aravis;pointe de sosay;;;;;3;2;1;1;0;0;1;0;1;randonn‚e;ski;;3;sŠche;;lin‚aire;accidentelle soi-mˆme;;;150;;;
1516-74-11;20/06/2016;11:30;74;chamonix;mont blanc;tacul;32T0335837 /  5080822;4020;30-34;NO;2;3;1;0;1;2;1;2;0;alpinisme;… pieds;descente;;sŠche;tendre;lin‚aire;accidentelle soi-mˆme;1200;60;80;;;
1516-88-01;03/03/2016;13:45;88;saint maurice sur moselle;ballon d'alsace;belvedere de birken;"6ø50'46"" / 47ø49'26""";1225;>45;E;2;1;0;0;0;1;0;1;0;randonn‚e;ski;travers‚e;;humide;;lin‚aire;accidentelle soi-mˆme;200;50;;;;
1415-04-01;08/02/2015;11:20;04;le vernet;ubaye;sommet grisonniere;32T293313 / 4904154;1910;35-39;NO;4;1;0;0;0;1;1;0;0;randonn‚e;ski;travers‚e;3;sŠche;dure;lin‚aire;accidentelle soi-mˆme;360;50;30;;;
1415-05-01;31/12/2014;12:50;05;le monetier les bains;thabor;secteur col du galibier;"45ø3'35.3"" / 6ø23'56.4""";2750;30-34;E;4;1;1;1;0;0;1;0;0;randonn‚e;ski;travers‚e;3;sŠche;dure;lin‚aire;accidentelle soi-mˆme;100;100;70;;;
1415-05-02;18/01/2015;13:00;05;puy saint vincent;pelvoux;col du bal;;2400;;NE;3;3;2;2;0;0;0;2;1;hors-piste;ski;descente;4;sŠche;;lin‚aire;accidentelle soi-mˆme;300;;;;;
1415-05-03;21/01/2015;09:55;05;puy saint vincent;pelvoux;couloir des faveyrettes;"44ø48'37.1"" / 6ø27'30.5""";2350;35-39;NO;2;2;1;0;1;1;2;0;0;hors-piste;ski;descente;3;sŠche;dure;lin‚aire;accidentelle soi-mˆme;400;15;100;;;
1415-05-04;24/01/2015;11:40;05;ceillac;queyras;combe du bachas;"44ø38'16.8"" / 6ø45'59.7""";2770;35-39;NE;6;6;6;6;0;0;6;0;0;randonn‚e;ski;descente;3;sŠche;dure;lin‚aire;accidentelle soi-mˆme;450;200;80;;;
1415-05-05;06/02/2015;;05;le monetier les bains;thabor;ruisseau rif blanc;;;;;3;1;0;0;0;0;0;1;0;randonn‚e;ski;;;;;;;;;;;;
1415-05-06;08/02/2015;13:30;05;molines en queyras;queyras;route col agnel;"44ø41'53.0"" / 6ø56'55.8""";2340;30-34;SO;1;1;1;1;0;0;1;0;0;randonn‚e;raquettes;travers‚e;4;sŠche;tendre;lin‚aire;accidentelle soi-mˆme;50;120;120;;;
1415-05-07;09/02/2015;10:45;05;cerviŠres;queyras;col de chaudemaison;;2400;30-34;O;3;1;1;1;0;0;1;0;0;randonn‚e;ski;travers‚e;4;sŠche;tendre;lin‚aire;accidentelle soi-mˆme;100;40;50;;;
1415-05-08;14/02/2015;16:00;05;le monetier les bains;pelvoux;source des fraches;;2200;>45;NO;1;1;0;0;0;1;0;1;0;hors-piste;ski;descente;3;sŠche;tendre;lin‚aire;accidentelle soi-mˆme;240;2;15;;;
1415-05-09;16/02/2015;;05;cerviŠres;queyras;col perdu;"44ø49'17.2"" / 6ø44'30.4""";2550;35-39;NO;2;2;2;2;0;0;2;0;0;randonn‚e;raquettes;descente;3;sŠche;dure;lin‚aire;accidentelle soi-mˆme;200;70;70;;;
1415-05-10;01/04/2015;14:45;05;pelvoux;pelvoux;col emile pic;"44ø57'16.8"" / 6ø23'12.3""";3420;>45;SE;14;12;6;4;2;2;3;2;7;randonn‚e;ski;arrˆt;;sŠche;dure;lin‚aire;accidentelle soi-mˆme;360;200;350;;;
1415-05-11;28/04/2015;;05;le monetier les bains;pelvoux;couloir davin;;3000;40-44;N;1;1;0;0;0;0;1;0;0;alpinisme;… pieds;mont‚e;;sŠche;;lin‚aire;;800;100;;;;
1415-05-12;15/09/2015;11:45;05;pelvoux;pelvoux;dome de neige des Ecrins;"44ø55'23.2"" / 6ø21'30.7""";3965;40-44;N;8;8;5;1;4;0;7;1;0;alpinisme;… pieds;travers‚e;;humide;dure;lin‚aire;accidentelle soi-mˆme;220;250;200;;;
1415-06-01;07/12/2014;10:45;06;isola;mercantour;cime lombarde;"44ø12'15"" / 7ø09'37""";2600;35-39;SO;4;4;0;0;0;0;0;0;4;randonn‚e;ski;mont‚e;;sŠche;tendre;lin‚aire;accidentelle soi-mˆme;100;100;20;;;
1415-06-02;28/12/2014;11:40;06;saint etienne de tinee;mercantour;secteur cimetiŠre des dames;"44ø13'23.3""/6ø53'27.7""";2300;40-44;NE;3;1;1;1;0;0;1;0;0;hors-piste;ski;descente;2;sŠche;dure;lin‚aire;accidentelle soi-mˆme;225;15;30;;;
1415-06-03;06/02/2015;;06;isola;mercantour;route accŠs isola M97;;;;;3;3;0;0;0;0;0;0;3;voie de communication;v‚hicule route;travers‚e;4;sŠche;;;naturelle;;;;;;
1415-06-04;16/02/2015;10:15;06;saint dalmas de selvage;mercantour;route col bonnette lieudit Le Pra;;;;;;3;2;2;0;1;0;0;3;randonn‚e;ski;mont‚e;3;;;;;;;;;;
1415-09-01;18/01/2015;13:00;09;auzat;haute ariege;secteur etang du pinet;"42ø40'59.1"" / 1ø23'25.4""";2440;35-39;NO;2;1;1;1;0;0;1;0;0;alpinisme;… pieds;travers‚e;3;sŠche;tendre;lin‚aire;accidentelle soi-mˆme;50;;;;;
1415-09-02;03/03/2015;15:00;09;l'hospitalet pres l'andorre;haute ariege;roc de carroux / voie RN 320;"42ø34'49.1"" / 1ø47'06.4""";1900;40-44;SE;2;2;0;0;0;0;0;0;2;voie de communication;v‚hicule route;travers‚e;3;humide;dure;lin‚aire;naturelle;350;15;150;;;
1415-31-01;02/02/2015;14:30;31;boutx;luchonnais;couloir fontaine de pan;;;;N;5;5;1;1;0;0;1;1;3;hors-piste;ski;descente;4;sŠche;tendre;lin‚aire;accidentelle soi-mˆme;;;;;;
1415-38-01;28/01/2015;12:20;38;villards de lans;vercors;combe chaulange;45ø04.126 / 05ø36.163;1870;35-39;SO;18;3;1;1;0;2;1;0;2;randonn‚e;ski;mont‚e;2;sŠche;dure;lin‚aire;accidentelle soi-mˆme;170;200;250;;;
1415-38-02;07/02/2015;15:00;38;Freney d'Oisans;grandes rousses;grandes buffes;"45ø04'06.5"" / 6ø06'30.7""";1970;35-39;O;1;1;0;0;0;0;0;0;1;randonn‚e;ski;mont‚e;;sŠche;;lin‚aire;accidentelle soi-mˆme;;40;40;;;
1415-38-03;08/02/2015;11:30;38;villard de lans;vercors;roc cornafion;"45ø4'9.75"" / 5ø36'3.33";1830;40-44;SO;3;1;0;0;0;0;0;0;1;randonn‚e;ski;descente;;;;lin‚aire;accidentelle soi-mˆme;90;80;50;;;
1415-38-04;22/02/2015;13:15;38;saint honor‚;oisans;combe de la mouche;"44ø47'570"" / 5ø50'175""";1950;30-34;O;4;4;2;1;1;2;1;2;1;randonn‚e;ski;mont‚e;3;humide;dure;lin‚aire;accidentelle soi-mˆme;300;80;20;;;
1415-38-05;28/02/2015;10:10;38;saint pierre de chartreuse;charteuse;combe ouest charmant som;"45ø19'37.0""/5ø45'41.3""";1690;30-34;O;7;1;1;1;0;0;1;0;0;randonn‚e;ski;descente;2;sŠche;tendre;lin‚aire;accidentelle soi-mˆme;105;;10;;;
1415-38-06;05/03/2015;13:00;38;allemond;belledonne;col de roche noire;"45ø11'7.74"" / 5ø59'26.36""";2500;30-34;NE;2;1;1;1;0;0;0;0;1;randonn‚e;ski;;;sŠche;;lin‚aire;accidentelle soi-mˆme;;;;;;
1415-38-07;23/01/2015;12:30;38;villard de lans;vercors;crˆte des crocs;"45ø4'42.13"" / 5ø36'22.8""";;35-39;NO;4;1;0;0;0;0;0;1;0;randonn‚e;snowboard;descente;;;;;;;;;;;
1415-64-01;17/02/2015;16:15;64;eaux bonnes;ossau;route D918 / ravin des arrious;"42ø57'58.4"" / 00ø19'41.3""";1690;35-39;SO;5;5;4;4;0;1;0;3;2;randonn‚e;… pieds;travers‚e;3;humide;tendre;ponctuel;naturelle;365;;;;;
1415-65-01;12/12/2014;;65;sers;haute bigorre;pic de barbe;;;;;4;2;0;0;0;2;0;2;0;randonn‚e;ski;mont‚e;;sŠche;;lin‚aire;accidentelle soi-mˆme;;;;;;
1415-65-02;01/02/2015;08:15;65;aulon;haute bigorre;village / couloir La Peyrie;"42ø52'10""/0ø17'11""";2200;35-39;SE;2;2;0;0;0;2;0;0;2;habitation;… pieds;arrˆt;4;sŠche;dure;lin‚aire;naturelle;1000;;;;;
1415-73-01;18/12/2014;09:20;73;tignes;haute tarentaise;grattalu / aiguillette;;2747;>45;SE;11;4;1;1;0;3;0;1;3;randonn‚e;ski;mont‚e;3;sŠche;dure;lin‚aire;accidentelle soi-mˆme;;;;;;
1415-73-02;22/12/2014;12:35;73;modane;vanoise;lac de chaviŠre;45ø16'10.70 // 6ø38'09.40;3100;35-39;SE;5;2;1;1;0;1;1;0;1;randonn‚e;ski;descente;2;sŠche;dure;lin‚aire;accidentelle soi-mˆme;300;25;100;;;
1415-73-03;30/12/2014;15:00;73;les allues;vanoise;lac de la chambre;"45ø19'02.85"" // 6ø35'25.17""";2720;40-44;NO;2;1;1;1;0;0;1;0;0;hors-piste;ski;descente;3;sŠche;tendre;lin‚aire;accidentelle soi-mˆme;170;400;40;;;
1415-73-04;05/01/2015;13:05;73;sainte foy tarentaise;haute tarentaise;face nord fogliettaz;"45ø34'55.9"" / 6ø56'17.66""";2820;40-44;N;6;5;0;0;0;3;0;4;1;randonn‚e;ski;descente;3;sŠche;tendre;lin‚aire;accidentelle soi-mˆme;330;800;100;;;
1415-73-05;15/01/2015;15:10;73;tignes;haute tarentaise;couloir lac chardonnet;;2550;>45;NE;2;1;1;1;0;0;0;1;0;hors-piste;ski;descente;3;humide;dure;lin‚aire;accidentelle soi-mˆme;200;40;150;;;
1415-73-21;23/01/2015;12:50;73;valloire;thabor;pointe des cerces face nord;"45ø4'4.2"" //6ø29'2.95""";2980;35-39;NE;2;1;1;1;0;0;1;0;0;randonn‚e;ski;mont‚e;3;sŠche;dure;lin‚aire;accidentelle soi-mˆme;530;250;100;;;
1415-73-06;29/01/2015;;73;aillons le vieux;bauges;col de la cochette;;;;;1;1;1;1;0;0;1;0;0;randonn‚e;… pieds;arrˆt;;;;;naturelle;;;;;;
1415-73-07;30/01/2015;16:10;73;la perriŠre;vanoise;dou des lanches;;2100;;;1;1;0;0;0;0;0;1;0;hors-piste;ski;descente;4;;;lin‚aire;accidentelle soi-mˆme;;;;;;
1415-73-08;31/01/2015;;73;aussois;vanoise;ruisseau de la fournache;"45ø15'55.09"" / 6ø43'42.25""";2370;30-34;S;1;1;1;1;0;0;1;0;0;relev‚s EDF / d‚placement ski de rando;ski;mont‚e;4;sŠche;;lin‚aire;accidentelle soi-mˆme;50;50;80;;;
1415-73-09;31/01/2015;;73;m‚ribel;vanoise;secteur du verdet;;;;;1;1;1;1;0;0;1;0;0;hors-piste;snowboard;descente;;;;lin‚aire;accidentelle soi-mˆme;;;;;;
1415-73-10;02/02/2015;08:55;73;valloire;haute maurienne;secteur S‚taz;;2200;35-39;NE;2;1;0;0;0;1;0;0;1;minage;ski;descente;;sŠche;;lin‚aire;accidentelle soi-mˆme;;50;30;;;
1415-73-11;02/02/2015;15:45;73;saint bon tarentaise;vanoise;hors-piste chanrossa;;2250;;;2;1;1;1;0;0;0;0;1;hors-piste;snowboard;descente;;;;lin‚aire;accidentelle soi-mˆme;;50;;;;
1415-73-12;02/02/2015;16:55;73;la bathie;beaufortain;pionte de la grande combe;"45ø39'3.83"" // 6ø31'23.53""";2150;30-34;NO;2;1;0;0;0;1;0;0;1;hors-piste;ski;descente;3;sŠche;tendre;lin‚aire;accidentelle soi-mˆme;300;250;100;;;
1415-73-13;03/02/2015;;73;saint martin de belleville;vanoise;hors piste de l'entonnoir;;;;;1;1;1;1;0;0;1;0;0;hors-piste;snowboard;descente;;;;lin‚aire;accidentelle soi-mˆme;;;;;;
1415-73-14;07/02/2015;13:03;73;peisey nancroix;vanoise;couloir des canadiens face nord bellecote;"45ø29'54.4"" // 6ø46'15.99""";3050;40-44;NO;3;1;1;0;1;0;1;0;0;hors-piste;ski;descente;3;sŠche;tendre;lin‚aire;accidentelle soi-mˆme;1250;30;50;;;
1415-73-15;03/03/2015;11:35;73;orelle;vanoise;;;;;;4;4;1;1;0;0;0;1;3;hors-piste;snowboard;descente;;;;lin‚aire;accidentelle soi-mˆme;;;;;;
1415-73-16;03/03/2015;12:00;73;orelle;vanoise;face ouest col r‚nod;;;;SO;4;1;1;1;0;0;1;0;0;hors-piste;ski;descente;3;sŠche;tendre;lin‚aire;accidentelle soi-mˆme;;100;;;;
1415-73-17;29/03/2015;11:45;73;bonneval sur arc;haute maurienne;col du montet;"45ø25'57.7"" // 7ø05'37.8""";3200;40-44;S;9;5;2;1;1;2;1;0;4;randonn‚e;ski;mont‚e;2;sŠche;tendre;lin‚aire;accidentelle soi-mˆme;60;20;;;;
1415-73-18;31/03/2015;12:28;73;tignes;haute tarentaise;couloir chardonnet;;2550;30-34;NE;2;1;1;1;0;0;0;1;0;hors-piste;ski;descente;4;humide;dure;lin‚aire;accidentelle soi-mˆme;150;200;80;;;
1415-73-19;06/04/2015;13:35;73;bourg saint maurice;vanoise;couloir t‚l‚cabine aiguille rouge;;2700;;;3;1;0;0;0;0;0;1;0;hors-piste;ski;descente;;;;lin‚aire;accidentelle soi-mˆme;400;;;;;
1415-73-20;06/04/2015;;73;saint jean de belleville;vanoise;mont du fut face nord;;2730;;;2;1;0;0;0;0;0;0;1;randonn‚e;ski;descente;;sŠche;;lin‚aire;accidentelle soi-mˆme;400;;;;;
1415-74-01;24/12/2014;;74;les contamines montjoie;mont blanc;glacier armancette;"45ø48'24.2""/6ø47'01.4""";3400;35-39;O;2;2;0;0;0;2;2;0;0;randonn‚e;ski;descente;2;sŠche;dure;lin‚aire;accidentelle soi-mˆme;1800;300;30;;;
1415-74-02;21/01/2015;12:00;74;chamonix;mont blanc;couloir requiin;;2450;40-44;NE;7;1;1;1;0;0;1;0;0;hors-piste;ski;descente;3;sŠche;tendre;lin‚aire;accidentelle soi-mˆme;50;20;;;;
1415-74-03;31/01/2015;;74;chatel;chablais;les combes;"46ø13'59.04"" / 6ø48'41.50""";1960;35-39;O;2;1;1;1;0;0;0;0;1;hors-piste;ski;descente;3;sŠche;tendre;lin‚aire;accidentelle soi-mˆme;90;40;80;;;
1415-74-04;31/01/2015;12:30;74;chamonix;mont blanc;pr‚ du rocher;32T336030 / 5085683;2190;30-34;NO;3;1;1;1;0;0;0;0;1;hors-piste;ski;descente;4;sŠche;tendre;lin‚aire;accidentelle soi-mˆme;70;20;40;;;
1415-74-05;02/02/2015;16:25;74;chatel;chablais;sous le val linga;;1900;;;4;4;0;0;0;0;0;1;3;hors-piste;ski;descente;4;sŠche;tendre;lin‚aire;accidentelle soi-mˆme;;;;;;
1415-74-06;08/02/2015;11:55;74;cordon;aravis;croise baulet couloir nant d'enfer;32T309541/5085482;1930;30-34;O;2;1;0;0;0;1;0;1;0;randonn‚e;ski;descente;2;humide;dure;lin‚aire;accidentelle soi-mˆme;410;20;30;;;
1415-74-07;09/02/2015;16:00;74;le grand bornand;aravis;piste noire lachat piste rouge lanche;;;;;4;4;0;0;0;0;0;2;2;hors-piste;ski;descente;;sŠche;dure;lin‚aire;accidentelle soi-mˆme;;;;;;
1415-74-08;05/03/2015;;74;chatel;chablais;secteur piste rennes;;;;;1;1;0;0;0;0;0;1;0;hors-piste;ski;descente;;sŠche;dure;lin‚aire;accidentelle soi-mˆme;;;;;;
1415-74-09;06/04/2015;13:00;74;la clusaz;aravis;couloir lana / combe creuse;;;;;3;3;1;1;0;1;0;2;1;randonn‚e;ski;mont‚e;;sŠche;;lin‚aire;accidentelle tiers;;;;;;
1415-74-10;18/04/2015;10:45;74;chamonix;mont blanc;face nord aiguille grands montets;32T 341954 / 5090431;3230;40-44;NE;2;1;0;0;0;1;1;0;0;equipement piste;ski;descente;2;humide;tendre;lin‚aire;accidentelle soi-mˆme;100;25;20;;;
1415-74-11;25/08/2015;08:40;74;chamonix;mont blanc;face nord go–ter;;;;;3;2;0;0;0;0;0;0;2;alpinisme;… pieds;;;;;;;;;;;;
1314-04-01;17/01/2014;14:00;4;uvernet fours;ubaye;pra loup teleski du lac;;;;;2;1;1;0;1;0;1;0;0;hors-piste;ski;descente;;;;lin‚aire;accidentelle soi-mˆme;;;;;;
1314-05-01;23/12/2013;;5;cerviŠres;queyras;col peygus;;2600;;;2;2;0;0;0;0;0;1;1;randonn‚e;ski;;;;;lin‚aire;accidentelle soi-mˆme;;;;;;
1314-05-02;26/12/2013;14:20;5;monetier;pelvoux;cucumelle;44ø56'046 / 6ø30'350;2565;35-39;SO;2;2;0;0;0;1;0;2;0;hors-piste;ski;travers‚e;4;sŠche;dure;lin‚aire;accidentelle soi-mˆme;350;120;60;;;
1314-05-03;27/12/2013;14:50;5;la salle les alpes;pelvoux;cucumelle;"44ø55'51.9"" / 6ø31'31.4""";2150;40-44;NE;1;1;1;1;0;0;1;0;0;hors-piste;… pieds;mont‚e;3;sŠche;dure;lin‚aire;accidentelle soi-mˆme;15;50;50;;;
1314-05-04;05/01/2014;15:00;5;pelvoux;pelvoux;ravin du bouisset;;;;;3;1;0;0;0;0;0;1;0;hors-piste;ski;descente;;sŠche;;lin‚aire;accidentelle soi-mˆme;;;;;;
1314-05-05;25/01/2014;17:00;5;n‚vache;thabor;pointe riou blanc;;;;;6;1;1;1;0;0;0;1;0;randonn‚e;ski;;;;;lin‚aire;accidentelle soi-mˆme;;;;;;
1314-05-06;26/01/2014;;5;st etienne d‚voluy;d‚voluy;vallon d'ane;;;;;2;1;0;0;0;0;0;1;0;randonn‚e;ski;mont‚e;;sŠche;;lin‚aire;accidentelle soi-mˆme;;30;40;;;
1314-05-07;28/01/2014;13:00;5;r‚allon;champsaur;col coupa;;;;;5;2;0;0;0;2;0;0;2;randonn‚e;ski;;;sŠche;;lin‚aire;accidentelle soi-mˆme;;30;;;;
1314-05-08;17/02/2014;;5;st v‚ran;queyras;chateau renard;;;;;2;1;0;0;0;1;0;0;1;hors-piste;ski;descente;;;;lin‚aire;accidentelle soi-mˆme;;;;;;
1314-05-09;02/03/2014;12:00;5;la salle les alpes;thabor;crˆte echaillon;44.99943 / 6.58156;2560;30-34;NE;7;1;0;0;0;0;0;1;0;randonn‚e;ski;descente;;sŠche;;lin‚aire;accidentelle soi-mˆme;;5;30;;;
1314-05-10;05/03/2014;;5;chateauroux les alpes;champsaur;tˆte clotinailles;;;;NE;;1;0;0;0;0;0;1;0;randonn‚e;ski;;;;;lin‚aire;accidentelle soi-mˆme;;;;;;
1314-05-11;08/03/2014;14:00;5;villar arene;oisans;passe de midi;;;;NE;2;1;0;0;0;0;0;1;0;randonn‚e;ski;;;;;lin‚aire;accidentelle soi-mˆme;;;;;;
1314-06-01;26/01/2014;10:10;6;st etienne tinee;mercantour;Auron sous telesiege d“me;"44ø12'44.8"" / 6ø54'04.8""";2300;35-39;E;2;1;1;1;0;0;1;0;0;hors-piste;ski;descente;3;sŠche;dure;lin‚aire;accidentelle soi-mˆme;350;30;20;;;
1314-09-01;29/03/2014;12:55;9;rabat les trois seigneurs;couserans;pic des trois seigneurs;;2050;;NE;3;3;2;2;0;0;2;1;0;alpinisme;raquettes;mont‚e;2;humide;tendre;lin‚aire;;700;;;;;
1314-09-02;06/03/2014;10:30;9;ax les thermes;haute ariŠge;station le saquet;;;;;4;1;1;1;0;0;0;1;0;hors-piste;ski;descente;4;sŠche;;lin‚aire;accidentelle soi-mˆme;;;;;;
1314-15-01;29/03/2014;14:00;15;la vigerie;lioran;puy bataillouse;45ø06'05.75 / 2ø43'21.83;1540;40-44;N;1;1;0;0;0;1;0;1;0;randonn‚e;ski;mont‚e;;humide;dure;lin‚aire;accidentelle soi-mˆme;50;20;25;;;
1314-38-01;26/01/2014;14:40;38;auris;grandes rousses;combe des girauds;45ø03.926 / 6ø05.497;2000;30-34;S;2;2;2;2;0;0;2;0;0;hors-piste;ski;descente;3;sŠche;dure;lin‚aire;accidentelle soi-mˆme;250;120;60;;;
1314-38-02;27/01/2014;12:40;38;chamrousse;belledonne;piste lacs roberts;45ø07.682 / 5ø54.499;2170;30-34;SE;4;1;1;0;1;0;0;1;0;hors-piste;ski;arrˆt;3;sŠche;dure;lin‚aire;accidentelle tiers;50;100;100;;;
1314-38-03;31/01/2014;15:50;38;revel;belledonne;grand colon face ouest;45ø09.680 / 5ø55.219;2165;30-34;O;2;1;1;1;0;0;1;0;0;randonn‚e;ski;descente;2;sŠche;dure;lin‚aire;accidentelle tiers;720;30;30;;;
1314-38-04;06/03/2014;13:45;38;la ferriŠre d'allevard;belledonne;couloir NO rocher blanc;;;;;3;1;0;0;0;0;0;1;0;randonn‚e;ski;descente;3;;;lin‚aire;accidentelle soi-mˆme;;;;;;
1314-38-05;13/03/2014;17:00;38;pinsot;belledonne;couloir pertuis;;;;O;1;1;0;0;0;1;0;1;0;randonn‚e;ski;travers‚e;2;humide;tendre;;naturelle;;;;;;
1314-66-01;26/01/2014;14:00;66;err;cerdagne canigou;puigmal err;;;;;7;1;0;0;0;1;0;0;1;randonn‚e;raquettes;;;;;lin‚aire;accidentelle soi-mˆme;;;;;;
1314-68-01;26/01/2014;;68;stosswihr;vosges;grand couloir dagobert;"7ø00'476"" / 48ø02'271""";1300;>45;N;2;2;0;0;0;0;0;2;0;alpinisme;… pieds;mont‚e;;sŠche;;lin‚aire;accidentelle soi-mˆme;260;;;;;
1314-73-01;13/10/2013;12:10;73;tignes;haute tarentaise;pointe de la grande motte;;3665;35-39;NE;5;2;0;0;0;1;0;0;2;hors-piste;ski;descente;;sŠche;dure;lin‚aire;accidentelle soi-mˆme;300;100;60;;;
1314-73-02;26/10/2013;13:30;73;pralognan;vanoise;passage de rosoire;"45ø18'05.6"" / 6ø43'58.4""";3450;>45;O;2;2;0;0;0;2;0;1;1;alpinisme;… pieds;mont‚e;;sŠche;dure;lin‚aire;accidentelle soi-mˆme;150;100;80;;;
1314-73-03;22/12/2013;11:15;73;pralognan;vanoise;entre chalet ritort et rosoire, lit du ruisseau du ritort;"45ø18'661""/6ø41'137""";2150;35-39;NO;2;2;1;1;0;0;1;0;1;randonn‚e;ski;descente;1;sŠche;;lin‚aire;accidentelle soi-mˆme;150;80;50;;;
1314-73-04;26/12/2013;11:00;73;aime;vanoise;dos des frasses;45ø30'27.79'' / 6ø39'40.68'';2245;35-39;N;2;1;1;1;0;0;1;0;0;hors-piste;ski;descente;3;sŠche;dure;lin‚aire;accidentelle soi-mˆme;145;;125;;;
1314-73-05;27/12/2013;09:55;73;saint martin belleville;vanoise;boismint val thorens;45ø16'53.89 / 6ø33'14.06;2540;35-39;E;6;3;1;1;0;1;0;1;2;hors-piste;ski;descente;3;sŠche;tendre;lin‚aire;accidentelle soi-mˆme;100;50;40;;;
1314-73-06;27/12/2013;12:15;73;st bon tarentaise;vanoise;vall‚e avals;;2100;35-39;NE;2;1;1;1;0;0;1;0;0;accŠs refuge gardien ski rando;ski;mont‚e;3;sŠche;tendre;lin‚aire;accidentelle soi-mˆme;40;40;40;;;
1314-73-07;29/12/2013;16:15;73;aime;vanoise;dos des frasses;32T317154 / 5041892;2200;40-44;NO;1;1;0;0;0;0;0;1;0;hors-piste;snowboard;descente;;sŠche;;lin‚aire;accidentelle soi-mˆme;200;;;;;
1314-73-09;05/01/2014;14:00;73;la l‚chŠre;beaufortain;croix de la bagnaz;;2300;;;4;2;0;0;0;0;0;0;2;randonn‚e;ski;arrˆt;4;sŠche;tendre;lin‚aire;accidentelle soi-mˆme;150;;;;;
1314-73-08;05/01/2014;14:05;73;macot;vanoise;crˆte des bourtes;"45ø29'56""/6ø42'59""";2350;35-39;NO;2;2;1;1;0;1;0;0;2;hors-piste;ski;descente;4;sŠche;tendre;lin‚aire;accidentelle soi-mˆme;250;30;100;;;
1314-73-10;07/01/2014;11:00;73;champagny;vanoise;col des v‚s;"45ø26'42.62"" //6ø51'41.38""";2830;35-39;NO;4;1;0;0;0;0;0;1;0;hors-piste;ski;descente;3;sŠche;;lin‚aire;accidentelle soi-mˆme;310;50;100;;;
1314-73-11;09/01/2014;12:30;73;valloire;maurienne;crˆte de lachat;;2840;40-44;NO;3;3;0;0;0;0;0;2;1;randonn‚e;ski;mont‚e;3;sŠche;dure;lin‚aire;accidentelle soi-mˆme;290;;;;;
1314-73-12;10/01/2014;12:00;73;bonneval;haute maurienne;ouille mouta;"45ø21'48.02"" / 7ø4'51.46""";2635;40-44;NO;2;1;1;1;0;0;0;1;0;randonn‚e;ski;travers‚e;2;sŠche;;lin‚aire;accidentelle soi-mˆme;300;120;80;;;
1314-73-13;25/01/2014;13:45;73;presle;belledonne;"couloir SO ""intime"" Gargoton";45,41996 / 6,21212;2330;35-39;SO;2;2;1;1;0;1;1;1;0;randonn‚e;ski;descente;3;sŠche;tendre;lin‚aire;accidentelle soi-mˆme;250;10;60;;;
1314-73-15;26/01/2014;16:10;73;tignes;haute tarentaise;palet droite Tichat;;2400;30-34;SE;2;1;1;1;0;0;0;1;0;hors-piste;ski;arrˆt;3;sŠche;dure;lin‚aire;accidentelle soi-mˆme;10;15;50;;;
1314-73-16;26/01/2014;10:05;73;modane;haute maurienne;couloir du seuil valfr‚jus;32T 316540 / 5003895;2200;35-39;NE;3;2;0;0;0;0;0;1;1;hors-piste;ski;travers‚e;;sŠche;;lin‚aire;accidentelle soi-mˆme;140;;;;;
1314-73-17;27/01/2014;16:30;73;montchavin;vanoise;;;;;;;1;1;1;0;0;0;1;0;hors-piste;ski;descente;;;;lin‚aire;accidentelle soi-mˆme;;;;;;
1314-73-20;19/03/2014;14:50;73;bourg st maurice;vanoise;face ouest aiguille rouge grande cascade;;;;NO;1;1;0;0;0;0;1;0;0;hors-piste;… pieds;mont‚e;3;humide;tendre;lin‚aire;accidentelle soi-mˆme;;;40;;;
1314-73-18;12/02/2014;14:50;73;la l‚chŠre;beaufortin;pointe du dzonfi‚;45ø34.960 / 6ø34.326;2340;30-34;SO;2;1;1;1;0;0;0;1;0;randonn‚e;ski;descente;3;sŠche;dure;lin‚aire;accidentelle soi-mˆme;170;160;120;;;
1314-73-19;06/03/2014;10:40;73;peisey;vanoise;nord bellecote;"45ø29'43.72"" / 6ø46'39.49""";3150;40-44;N;3;1;0;0;0;0;1;0;0;hors-piste;ski;descente;3;sŠche;tendre;lin‚aire;accidentelle soi-mˆme;;30;30;;;
1314-73-21;15/04/2014;13:15;73;val isere;haute tarentaise;ruisseau du pisset;45ø24.244 / 6ø57.450;2375;35-39;NO;7;2;0;0;0;1;0;1;1;hors-piste;ski;descente;2;sŠche;dure;lin‚aire;accidentelle soi-mˆme;250;125;100;;;
1314-73-22;29/04/2014;11:30;73;modane;haute maurienne;couloir sud aiguille peclet;"45ø16'51.4"" / 6ø37'26.9""";3490;35-39;S;6;4;0;0;0;4;0;4;0;randonn‚e;… pieds;mont‚e;2;humide;dure;lin‚aire;accidentelle soi-mˆme;110;70;100;;;
1314-73-23;04/05/2014;;73;orelle;maurienne;roche des marches;;;;;1;1;0;0;0;0;0;0;1;randonn‚e;ski;;;;;lin‚aire;naturelle s‚rac/corniche;;;;;;
1314-73-24;04/05/2014;;73;ste foy tarentaise;haute tarentaise;grande sassiere;;;;;1;1;0;0;0;0;0;1;0;randonn‚e;ski;;;;;lin‚aire;accidentelle soi-mˆme;;;;;;
1314-73-25;04/05/2014;11:15;73;bessans;haute maurienne;face ouest pointe charbonnel;"45ø16'48.26"" // 7ø3'4.39";3600;>45;O;1;1;0;0;0;0;1;0;0;alpinisme;… pieds;mont‚e;;humide;;lin‚aire;accidentelle soi-mˆme;500;100;50;;;
1314-73-26;04/05/2014;11:00;73;bessans;haute maurienne;selle de l'albaron;"45ø19'44.24""/7ø06'24.85""";3430;40-44;SO;3;1;1;1;0;0;1;0;0;randonn‚e;ski;descente;;sŠche;tendre;lin‚aire;accidentelle soi-mˆme;310;200;100;;;
1314-73-27;18/05/2014;12:30;73;bessans;haute maurienne;pointe charbonnel;;;;NE;2;2;1;0;1;0;1;0;1;randonn‚e;ski;descente;;humide;tendre;;naturelle;;;;;;
1314-73-29;02/03/2014;15:00;73;bonneval sur arc;haute maurienne;;;2900;35-39;N;2;1;0;0;0;0;0;0;1;hors-piste;ski;descente;3;sŠche;tendre;lin‚aire;accidentelle soi-mˆme;180;20;60;;;
1314-73-30;09/02/2014;14:50;73;saint jean de belleville;vanoise;point 2482 combe pierreux;45,415449N/6,425394S;2400;40-44;NE;4;1;0;0;0;0;0;0;1;randonn‚e;ski;descente;3;sŠche;tendre;lin‚aire;accidentelle soi-mˆme;350;20;30;;;
1314-74-01;11/11/2013;16:55;74;les contamines;mont blanc;aiguille croche;;2300;30-34;SE;1;1;0;0;0;1;0;1;0;randonn‚e;ski;descente;;sŠche;;lin‚aire;accidentelle soi-mˆme;100;20;;;;
1314-74-02;01/12/2013;12:25;74;avoriaz;chablais;pointe de vorlaz;46ø10.877 / 6ø48.004;2290;35-39;S;2;2;0;0;0;0;0;2;0;randonn‚e;ski;mont‚e;;sŠche;tendre;lin‚aire;accidentelle soi-mˆme;150;30;;;;
1314-74-03;27/12/2013;10:45;74;la clusaz;aravis;combe de torchere;"45ø53'25"" / 6ø29'15""";2375;30-34;NO;3;2;2;2;0;0;2;0;0;hors-piste;ski;descente;4;sŠche;tendre;lin‚aire;accidentelle soi-mˆme;125;115;100;;;
1314-74-04;29/12/2013;13:50;74;chatel;chablais;barbossine;;;;;2;1;0;0;0;0;0;0;1;hors-piste;ski;descente;4;sŠche;;lin‚aire;accidentelle tiers;;50;;;;
1314-74-05;30/12/2013;12:25;74;sixt;chablais;passage du d‚rochoir;"45ø58'04.7"" / 6ø44'59.7""";2150;30-34;N;2;1;0;0;0;1;0;1;0;randonn‚e;ski;descente;3;sŠche;tendre;lin‚aire;accidentelle soi-mˆme;60;40;80;;;
1314-74-06;05/01/2014;17:30;74;les houches;mont blanc;couloir vogealle;32T0329674 / 5087618;2175;35-39;NO;2;1;0;0;0;1;0;1;0;randonn‚e;ski;descente;3;sŠche;dure;lin‚aire;accidentelle soi-mˆme;400;20;80;;;
1314-74-07;12/02/2014;15:50;74;le grand bornand;aravis;mont lachat de chatillon;45ø57,460' / 6ø28.772';1975;40-44;SE;3;2;0;0;0;1;0;1;1;hors-piste;ski;descente;3;humide;dure;lin‚aire;accidentelle soi-mˆme;225;15;30;;;
1314-74-08;25/02/2014;12:30;74;vallorcine;mont blanc;Mont Buet;32T333730 / 5099285;3040;>45;NE;2;1;1;0;1;0;1;0;0;randonn‚e;ski;descente;3;sŠche;;lin‚aire;accidentelle soi-mˆme;650;;;;;
1314-74-09;02/03/2014;15:30;74;chamonix;mont blanc;aiguille belvedere;32t0335523 / 5094797;2880;35-39;SO;3;1;1;0;1;0;0;1;0;randonn‚e;ski;mont‚e;2;humide;;lin‚aire;accidentelle soi-mˆme;180;10;15;;;
1314-74-10;13/04/2014;11:10;74;la clusaz;aravis;combe … marion;;;;;;8;0;0;0;2;0;4;4;randonn‚e;ski;mont‚e;;humide;tendre;lin‚aire;naturelle;;;;;;
1314-74-11;02/03/2014;10:30;74;la clusaz;aravis;;;;;;2;2;0;0;0;0;0;0;2;randonn‚e;ski;mont‚e;;;;lin‚aire;accidentelle tiers;;10;;;;
1213-04-01;19/03/2013;15:30;04;montclar;ubaye;face ouest dormillouse;"44ø24'23.6"" / 6ø22'56.9""";2340;35-39;O;3;1;1;1;0;0;1;0;0;hors-piste;;descente;4;humide;tendre;lin‚aire;accidentelle soi-mˆme;450;150;;;;
1213-05-01;14/12/2012;;05;la grave;oisans;rd 1091 les traverses;;;;;3;3;0;0;0;0;0;2;1;voie de communication;;;;;;;naturelle;;;;;;
1213-05-02;16/12/2012;12:25;05;risoul;embrunais parpaillon;crete de razis;44.597714 / 6.648739;2520;30-34;NO;1;1;1;1;0;0;1;0;0;hors-piste;;descente;4;sŠche;tendre;lin‚aire;accidentelle soi-mˆme;140;300;190;;;
1213-05-03;26/12/2012;15:30;05;molines en queyras;queyras;chateau renard couloir NE;;2865;>45;N;1;1;0;0;0;1;1;0;0;hors-piste;;descente;3;sŠche;dure;lin‚aire;accidentelle soi-mˆme;620;100;60;;;
1213-05-04;20/01/2013;13:30;05;n‚vache;thabor;;;;;;1;1;0;0;0;0;0;1;0;randonn‚e;;;;;;lin‚aire;accidentelle soi-mˆme;;;;;;
1213-05-05;03/02/2013;;05;montgenevre;thabor;vallon des baysses;;;;;1;1;0;0;0;0;0;1;0;hors-piste;;descente;;;;lin‚aire;accidentelle soi-mˆme;;;;;;
1213-05-06;06/02/2013;;05;freissiniere;pelvoux;lac palluel;;;;;12;1;0;0;0;1;0;1;0;randonn‚e;;;;;;;;;;;;;
1213-05-07;13/02/2013;14:15;05;arvieux;queyras;barre noire villargaudin;44ø44'33.1 / 6ø44'204;2400;30-34;E;2;1;0;0;0;0;0;1;0;randonn‚e;;descente;3;humide;tendre;lin‚aire;accidentelle soi-mˆme;100;50;50;;;
1213-05-08;05/03/2013;;05;cr‚voux;embrunais parpaillon;goulotte barre des enfers;;;;;5;5;0;0;0;0;4;1;0;alpinisme;;mont‚e;2;sŠche;;lin‚aire;naturelle;;;;;;
1213-05-09;09/03/2013;10:30;05;molines;queyras;combe crose;;2600;;;3;3;1;1;0;1;2;0;1;hors-piste;;descente;3;sŠche;;lin‚aire;accidentelle soi-mˆme;;;30;;;
1213-05-10;15/03/2013;13:30;05;monetier les bains;oisans;route du galibier;;;;;3;3;0;0;0;0;0;1;2;randonn‚e;;mont‚e;;sŠche;;lin‚aire;accidentelle soi-mˆme;;;;;;
1213-05-11;22/03/2013;13:00;05;ceillac;queyras;col tronchet;;;;;10;2;0;0;0;0;1;0;1;randonn‚e;;;3;;;;;;;;;;
1213-05-12;25/03/2013;;05;puy st vincent;pelvoux;col de bal;;;;;2;2;0;0;0;0;0;0;2;hors-piste;;descente;;sŠche;;lin‚aire;accidentelle soi-mˆme;;;;;;
1213-05-13;25/03/2013;13:45;05;orcieres;champsaur;la coupa;44ø37'340 / 6ø18'089;2600;30-34;N;2;1;1;0;1;0;0;0;1;randonn‚e;;descente;3;sŠche;tendre;lin‚aire;accidentelle soi-mˆme;500;50;;;;
1213-05-14;19/04/2013;10:20;05;vars;embrunais parpaillon;piste bleue vallon crˆte peyrol;;2300;;;1;1;0;0;0;0;0;1;0;piste;;descente;;;;lin‚aire;naturelle;;;;;;
1213-05-15;13/04/2013;10:00;05;orcieres;champsaur;mourre froid;"44ø38'39.6"" / 6ø23'53.3""";2500;30-34;NO;1;1;0;0;0;1;0;0;1;randonn‚e;;descente;3;sŠche;dure;lin‚aire;accidentelle soi-mˆme;200;60;70;;;
1213-05-16;13/04/2013;13:00;05;orcieres;champsaur;mourre froid;44ø38'39'' / 6ø23'38'';2750;30-34;N;2;2;1;1;0;1;1;0;1;randonn‚e;;descente;3;sŠche;dure;lin‚aire;accidentelle soi-mˆme;250;200;40;;;
1213-06-01;15/04/2013;13:25;06;st etienne tinee;mercantour;secteur dome station auron;"44ø12'50"" / 6ø54'25""";2150;30-34;E;2;1;1;1;0;0;1;0;0;hors-piste;;descente;4;humide;tendre;lin‚aire;;100;100;70;;;
1213-09-01;15/03/2013;;09;ax les thermes;haute ariŠge;;;;;;1;1;0;0;0;0;0;0;1;hors-piste;;descente;;;;lin‚aire;accidentelle soi-mˆme;;;;;;
1213-09-02;15/03/2013;;09;ax les thermes;haute ariŠge;;;;;;1;1;1;1;0;0;0;1;0;hors-piste;;descente;;;;lin‚aire;accidentelle soi-mˆme;;;;;;
1213-26-01;09/12/2012;;26;bezaudun sur bine;vercors diois;pas de sierra le veyou;;1270;40-44;S;;1;0;0;0;0;0;1;0;randonn‚e;;;;;;;;;;;;;
1213-38-01;13/12/2012;12:45;38;saint christophe sur guiers;chartreuse;col de l‚chaud;5ø48'38.2'' // 45ø23'20.3'';1680;30-34;NO;2;2;2;2;0;0;1;1;0;randonn‚e;;mont‚e;;sŠche;dure;lin‚aire;accidentelle soi-mˆme;100;90;;;;
1213-38-02;02/01/2013;;38;la morte;oisans;pas de la mine;5ø54'05.2'' // 45ø02'02.3'';2450;35-39;O;3;1;0;0;0;0;0;1;0;randonn‚e;;travers‚e;;sŠche;;lin‚aire;accidentelle soi-mˆme;;;;;;
1213-38-03;12/01/2013;11:30;38;pinsot;belledonne;pic des grandes lanches;;;35-39;O;1;1;0;0;0;1;1;0;0;randonn‚e;;mont‚e;3;sŠche;;lin‚aire;accidentelle soi-mˆme;;;;;;
1213-38-04;20/01/2013;13:50;38;auris en oisans;grandes rousses;signal de l'homme;45ø03.931'' // 6ø04.543';1790;35-39;SO;6;3;3;3;0;0;0;1;2;hors-piste;;descente;3;humide;dure;lin‚aire;accidentelle soi-mˆme;60;30;20;;;
1213-38-05;30/01/2013;;38;chantelouve;oisans;voie cros de quinchiol / Gd Armet;5ø56'47.2'' // 44ø59'01.6'';2320;>45;SE;2;2;2;0;2;0;2;0;0;alpinisme;;mont‚e;;humide;tendre;lin‚aire;naturelle;;;;;;
1213-38-06;19/03/2013;11:45;38;La FerriŠre;belledonne;secteur le pleynet F9;;1850;;;1;1;1;0;1;0;0;1;0;hors-piste;;descente;4;sŠche;;lin‚aire;accidentelle soi-mˆme;;;;;;
1213-38-07;07/04/2013;11:45;38;allemond;belledonne;col de roche noire;5ø59'20.9'' // 45ø11'09'8'';2600;40-44;E;50;3;0;0;0;3;0;1;2;randonn‚e;;mont‚e;;humide;dure;lin‚aire;naturelle s‚rac/corniche;300;75;400;;;
1213-38-08;14/04/2013;09:55;38;saint christophe en oisans;oisans;col de la lauze;;2900;30-34;SE;8;2;0;0;0;0;0;1;1;randonn‚e;;descente;;humide;tendre;lin‚aire;accidentelle tiers;;;;;;
1213-38-09;17/04/2013;;38;le freney d'oisans;grandes rousses;proche refuge sarenne;;;35-39;S;2;2;1;1;0;1;0;2;0;voie de communication;;travers‚e;;humide;dure;lin‚aire;naturelle;100;;;;;
1213-64-01;02/01/2013;12:45;64;eaux bonnes;aspe ossau;vallon anglas;;;;;2;1;1;1;0;0;1;0;0;hors-piste;;descente;;sŠche;;lin‚aire;accidentelle soi-mˆme;;;;;;
1213-65-01;06/03/2013;16:00;65;st lary soulan;haute bigorre;GR Espiaube Plat Adet;;;;;8;6;0;0;0;6;0;3;3;randonn‚e;;travers‚e;3;humide;tendre;;naturelle;;;;;;
1213-65-02;15/03/2013;;65;bagnŠres de bigorre;haute bigorre;sud pic du midi de bigorre;;;;S;1;1;0;0;0;0;1;0;0;hors-piste;;descente;;;;lin‚aire;accidentelle soi-mˆme;;;;;;
1213-73-01;05/12/2012;11:25;73;tignes;haute tarentaise;secteur paquerette;;2600;30-34;N;11;2;2;2;0;0;1;1;0;hors-piste;;descente;4;sŠche;tendre;lin‚aire;accidentelle soi-mˆme;150;80;60;;;
1213-73-02;12/12/2012;12:55;73;tignes;haute tarentaise;pente barthelemy aiguille percee;;2750;35-39;NO;7;4;2;1;1;0;0;3;1;hors-piste;;descente;4;sŠche;dure;lin‚aire;accidentelle soi-mˆme;250;70;100;;;
1213-73-03;21/12/2012;12:05;73;val isere;haute tarentaise;pointe du grand vallon creux de l'ouille;;2755;30-34;N;3;3;1;1;0;0;1;0;2;hors-piste;;descente;3;sŠche;tendre;lin‚aire;accidentelle soi-mˆme;300;200;300;;;
1213-73-04;28/12/2012;;73;saint martin de belleville (val thorens);vanoise;lac du lou;;;;;5;1;1;1;0;0;0;1;0;hors-piste;;descente;;;;;;;;;;;
1213-73-05;20/01/2013;;73;valloire;maurienne;telesiege montissot;;;;;1;1;1;1;0;0;1;0;0;hors-piste;;descente;4;;;;;;;;;;
1213-73-06;30/01/2013;11:30;73;sainte marie de cuines;maurienne;crˆte de la raverotte;45ø17'34.9'' / 6ø16'47.1'';2000;30-34;NO;4;2;0;0;0;2;0;2;0;randonn‚e;;travers‚e;;humide;dure;lin‚aire;accidentelle soi-mˆme;600;40;50;;;
1213-73-07;03/02/2013;;73;saint martin de belleville (val thorens);vanoise;lac du lou;;;;;2;2;0;0;0;0;0;1;1;hors-piste;;descente;;;;;;;;;;;
1213-73-08;08/02/2013;;73;saint martin de belleville (val thorens);vanoise;cime caron;;;;;3;3;0;0;0;0;0;0;3;hors-piste;;descente;;;;;;;;;;;
1213-73-09;08/02/2013;11:10;73;saint bon tarentaise;vaoise;sous pas du roc merlet;32T 314970 / 5026393;2350;30-34;NO;3;2;1;1;0;1;1;0;1;hors-piste;;descente;2;sŠche;tendre;lin‚aire;accidentelle soi-mˆme;40;70;50;;;
1213-73-10;13/02/2013;12:55;73;cote d'aime;vanoise;combe benite;;2400;;O;7;5;1;1;0;1;0;1;4;randonn‚e;;descente;3;sŠche;tendre;lin‚aire;accidentelle soi-mˆme;200;100;130;;;
1213-73-11;20/02/2013;10:00;73;valloire;maurienne;camp des rochilles;;2510;30-34;O;22;2;1;1;0;1;1;0;1;entrainement militaire descente couloir;;descente;;sŠche;dure;lin‚aire;accidentelle soi-mˆme;110;20;60;;;
1213-73-12;26/02/2013;16:40;73;pralognan;vanoise;cirque du petit arcellin;45ø23.017'' 6ø45.689'';2100;30-34;NO;1;1;0;0;0;1;0;1;0;randonn‚e;;travers‚e;3;sŠche;tendre;lin‚aire;accidentelle soi-mˆme;80;20;20;;;
1213-73-13;02/03/2013;16:40;73;sainte foy tarentaise;haute tarentaise;sous pointe des gavies / ruisseau des gavies;45ø35'44.6'' 6ø57'20.2'';2200;30-34;N;2;1;0;0;0;1;0;1;0;hors-piste;;descente;3;;tendre;ponctuel;accidentelle soi-mˆme;100;;;;;
1213-73-14;05/03/2013;16:15;73;valloire;maurienne;combe des granges;;;35-39;NO;2;2;1;1;0;1;0;2;0;hors-piste;;descente;;sŠche;dure;lin‚aire;accidentelle soi-mˆme;;;;;;
1213-73-15;06/03/2013;11:00;73;modane;maurienne;vall‚e perdue valfr‚jus;45ø09'26.9'' / 6ø39'25.5'';2200;30-34;NO;2;2;0;0;0;2;0;2;0;hors-piste;;descente;3;sŠche;tendre;lin‚aire;accidentelle soi-mˆme;70;150;100;;;
1213-73-16;06/03/2013;11:30;73;tignes;haute tarentaise;couloir bois de la laye;45ø28'13.4' / 6ø55'35.5'';2200;35-39;N;2;2;2;1;1;0;2;0;0;hors-piste;;descente;3;sŠche;dure;lin‚aire;accidentelle soi-mˆme;360;100;80;;;
1213-73-17;18/03/2013;13:10;73;montvalezan;haute tarentaise;hp des ecudets;45ø38'23.0'' / 6ø50'41.2'';1880;35-39;SO;2;1;1;1;0;0;1;0;0;hors-piste;;descente;3;sŠche;tendre;lin‚aire;accidentelle soi-mˆme;100;60;50;;;
1213-73-18;19/03/2013;15:55;73;saint martin de belleville (val thorens);vanoise;lac du lou;32T0306717 / 5018817;1990;40-44;NO;5;1;1;1;0;0;0;1;0;hors-piste;;descente;;sŠche;tendre;lin‚aire;accidentelle soi-mˆme;15;30;80;;;
1213-73-19;19/03/2013;15:05;73;les avanchers;maurienne;hors piste des lauziŠres;32T 295042 / 5035497;1825;30-34;NE;6;1;1;1;0;0;0;1;0;hors-piste;;descente;3;sŠche;tendre;lin‚aire;accidentelle soi-mˆme;30;25;60;;;
1213-73-20;19/03/2013;;73;les allues;vanoise;t‚l‚siŠge cote brune;;;;N;1;1;0;0;0;0;0;1;0;hors-piste;;descente;;;;lin‚aire;accidentelle soi-mˆme;;;;;;
1213-73-21;29/03/2013;16:15;73;bourg saint maurice;vanoise;piste rouge grand renard balise nø14;;2490;40-44;E;6;1;1;1;0;0;1;0;0;piste;;travers‚e;3;sŠche;tendre;lin‚aire;naturelle;50;60;20;;;
1213-73-22;01/04/2013;14:00;73;les allues;vanoise;aiguille du fruit;6ø37'49.5'' / 45ø21'12.8'';2900;>45;NO;3;2;0;0;0;0;0;2;0;randonn‚e;;mont‚e;3;sŠche;tendre;lin‚aire;accidentelle soi-mˆme;600;10;;;;
1213-73-23;01/04/2013;;73;saint martin de belleville (val thorens);vanoise;face ouest aiguille des st pŠres;;2800;;O;3;1;0;0;0;0;0;1;0;hors-piste;;descente;;;;lin‚aire;accidentelle soi-mˆme;;;;;;
1213-73-24;14/04/2013;;73;aussois;vanoise;chaise aux papes / dent parrach‚e;6ø45'13.8'' / 45ø17'18.2'';3600;30-34;SE;;6;6;6;0;0;3;3;0;randonn‚e;;mont‚e;3;sŠche;dure;lin‚aire;accidentelle tiers;400;400;;;;
1213-73-25;02/05/2013;10:25;73;pralognan;vanoise;grands couloirs grande casse;45ø24'16''/6ø49'01.2'' /// 45ø24'05.8''/6ø49'02.6'';3530;>45;O;4;3;1;1;0;2;1;2;0;alpinisme;;mont‚e;;humide;dure;lin‚aire;accidentelle soi-mˆme;500;350;50;;;
1213-74-01;30/10/2012;11:55;74;chamonix;mont blanc;aiguille marbr‚e;32T0340153 5079579;3500;30-34;SE;2;2;0;0;0;0;0;1;1;alpinisme;;mont‚e;;sŠche;dure;lin‚aire;accidentelle soi-mˆme;250;15;15;;;
1213-74-02;06/12/2012;12:45;74;serraval;aravis;sulens;32t 0295672  5078087;1710;40-44;O;2;2;1;1;0;1;1;0;1;randonn‚e;;travers‚e;;sŠche;tendre;lin‚aire;accidentelle soi-mˆme;50;100;40;;;
1213-74-03;19/01/2013;13:10;74;abondance;chablais;mont de grange;;2100;40-44;O;2;1;0;0;0;0;0;1;0;randonn‚e;;mont‚e;3;sŠche;tendre;lin‚aire;accidentelle soi-mˆme;100;10;30;;;
1213-74-04;05/02/2013;16:10;74;chatel;chablais;t‚l‚siŠge des combes;;;;;1;1;1;0;1;0;0;0;1;hors-piste;;descente;;sŠche;;lin‚aire;accidentelle soi-mˆme;;;40;;;
1213-74-05;08/02/2013;10:55;74;chamonix;mont blanc;br‚vent nant pcheu;N45ø55'48.2 // E06ø50'14.0;2280;35-39;SE;1;1;1;1;0;0;1;0;0;hors-piste;;descente;2;sŠche;dure;lin‚aire;accidentelle soi-mˆme;1000;150;80;;;
1213-74-06;26/02/2013;09:30;74;saint gervais;mont blanc;mont lachat;45.86970 / 6.78810;1970;35-39;SO;15;6;0;0;0;0;0;1;5;randonn‚e;;mont‚e;1;sŠche;tendre;lin‚aire;accidentelle soi-mˆme;170;30;20;;;
1213-74-07;19/03/2013;;74;bernex;chablais;;;;;;1;1;1;0;1;0;1;0;0;randonn‚e;;descente;;;;;;;;;;;
1213-74-08;22/03/2013;12:45;74;samoens;chablais;couloir pas de la latte;46ø08'16'' / 6ø47'34'';2000;40-44;NO;2;1;0;0;0;0;0;1;0;hors-piste;;descente;3;sŠche;dure;lin‚aire;accidentelle soi-mˆme;300;25;70;;;
1213-74-09;22/03/2013;09:35;74;chamonix;mont blanc;carlaveyron;6ø49'29.9'' // 45ø55'59.8'';2070;40-44;O;2;1;0;0;0;1;0;1;0;randonn‚e;;descente;2;sŠche;tendre;lin‚aire;accidentelle soi-mˆme;50;25;80;;;
1213-74-10;01/04/2013;13:30;74;contamines;beaufortain;col des chasseurs;;2400;35-39;N;3;2;0;0;0;2;0;1;1;randonn‚e;;descente;;sŠche;tendre;lin‚aire;accidentelle soi-mˆme;;100;30;;;
1213-74-11;14/04/2013;13:10;74;vallorcine;mont blanc;tete de la chevrette;46ø01'43.9'' / 6ø54'13.3'';1970;30-34;S;4;1;0;0;0;0;0;1;0;randonn‚e;;descente;4;humide;tendre;lin‚aire;accidentelle soi-mˆme;300;40;50;;;
1213-74-12;13/08/2013;03:50;74;chamonix;mont blanc;face nord tacul;;4300;40-44;N;6;3;2;2;0;1;2;1;0;alpinisme;;mont‚e;;sŠche;dure;lin‚aire;naturelle s‚rac/corniche;250;;;;;
1112-04-01;16/02/2012;14:45;04;saint paul s/ ubaye;ubaye;col girardin crˆte observatoire;"44ø36'27.4"" 6ø49'42.9""";2800;30-34;SO;4;1;0;0;0;0;0;1;0;randonn‚e;;mont‚e;3;sŠche;dure;lin‚aire;accidentelle soi-mˆme;300;400;40;;;
1112-05-01;10/12/2011;14:40;05;puy st vincent;pelvoux;vallon de narreyroux;;2600;<30;NE;2;1;1;1;0;0;0;1;0;randonn‚e;;descente;;sŠche;tendre;lin‚aire;accidentelle soi-mˆme;;25;30;;;
1112-05-02;10/03/2012;11:25;05;ristolas;queyras;pic de s‚gur;"44ø44'.28.6"" 6ø58'04.1""";2770;30-34;NO;6;1;0;0;0;0;0;0;1;randonn‚e;;descente;3;sŠche;tendre;lin‚aire;accidentelle soi-mˆme;80;20;50;;;
1112-05-03;20/03/2012;10:00;05;saint crepin;queyras;pic beal traversier;;2800;40-44;N;4;1;0;0;0;0;0;1;0;randonn‚e;;mont‚e;2;sŠche;tendre;lin‚aire;accidentelle soi-mˆme;50;5;30;;;
1112-05-04;24/03/2012;11:30;05;saint veran;queyras;pas de la cula;"44ø39'32.6"" 6ø54'38.9""";2980;35-39;NO;7;1;0;0;0;0;0;1;0;randonn‚e;;descente;2;sŠche;dure;lin‚aire;accidentelle soi-mˆme;50;80;80;;;
1112-26-01;05/02/2012;12:55;26;glandage;vercors;jocou;"44ø42'43.37""/5ø38'51.03""";1680;30-34;S;3;2;1;1;0;1;1;1;0;randonn‚e;;mont‚e;2;sŠche;dure;lin‚aire;accidentelle soi-mˆme;140;40;100;;;
1112-31-01;18/02/2012;;31;bagnŠres de luchon;luchonnais;pic d'aubas;"42ø44'47.66"" 0ø39'42.89""";2030;30-34;NO;5;5;0;0;0;0;0;0;5;randonn‚e;;descente;3;sŠche;tendre;lin‚aire;accidentelle soi-mˆme;;150;100;;;
1112-31-02;05/04/2012;15:30;31;bagnŠres de luchon;luchonnais;sentier cascade enfer;;;;NE;;2;2;2;0;0;1;1;0;randonn‚e;;arrˆt;2;humide;tendre;;naturelle;;;;;;
1112-38-01;06/02/2012;15:30;38;la morte;oisans;pas de la mine;4502059 00554024;2400;30-34;NO;2;1;1;1;0;0;0;1;0;randonn‚e;;descente;3;sŠche;dure;lin‚aire;accidentelle soi-mˆme;100;80;30;;;
1112-38-02;17/02/2012;08:25;38;saint pierre de chartreuse;chartreuse;combe bovinant;"45ø22'52.35"" 5ø48'52.64""";1774;35-39;O;1;1;1;1;0;0;0;1;0;randonn‚e;;mont‚e;3;sŠche;dure;lin‚aire;accidentelle soi-mˆme;165;25;40;;;
1112-38-03;17/02/2012;14:05;38;vaujany;grandes rousses;rissiou;"45ø10'.730"" 6ø04'903""";2050;35-39;SE;4;1;1;1;0;0;0;1;0;randonn‚e;;mont‚e;3;sŠche;dure;lin‚aire;accidentelle soi-mˆme;30;40;100;;;
1112-38-04;23/03/2012;12:10;38;sainte agnes;belledonne;ferrouillet;"45ø12'360"" 5ø59'590""";2200;35-39;N;2;1;1;0;1;0;0;1;0;randonn‚e;;descente;2;sŠche;tendre;lin‚aire;accidentelle soi-mˆme;80;80;80;;;
1112-38-05;20/04/2012;15:45;38;vaujany;grandes rousses;couloir perrin;32T0272119 5001667;2600;40-44;O;2;1;1;0;1;0;0;0;1;hors-piste;;descente;3;sŠche;tendre;lin‚aire;accidentelle soi-mˆme;100;50;40;;;
1112-65-01;18/02/2012;;65;bagnŠre de bigorre;haute bigorre;pain de sucre;;;;;1;1;1;1;0;0;1;0;0;hors-piste;;descente;3;sŠche;;lin‚aire;accidentelle soi-mˆme;;20;;;;
1112-65-02;18/02/2012;;65;vieille aure;haute bigorre;corneblanque;;;;;1;1;0;0;0;1;0;0;1;hors-piste;;descente;3;sŠche;;lin‚aire;accidentelle soi-mˆme;;;;;;
1112-65-03;19/02/2012;;65;bagnŠre de bigorre;haute bigorre;la blanche;;;;;2;1;0;0;0;1;0;1;0;hors-piste;;descente;2;sŠche;;lin‚aire;accidentelle soi-mˆme;400;150;100;;;
1112-73-01;01/02/2012;10:25;73;valloire;maurienne;combe aiguille noire;;;;;19;10;6;6;0;0;1;5;4;randonn‚e;;travers‚e;2;sŠche;;lin‚aire;accidentelle soi-mˆme;;;;;;
1112-73-02;18/02/2012;11:05;73;jarsy;bauges;face SO mont de la Coche;32T0283745 5060850;1980;30-34;SO;2;1;0;0;0;1;0;1;0;randonn‚e;;travers‚e;3;sŠche;tendre;lin‚aire;accidentelle soi-mˆme;250;5;50;;;
1112-73-03;27/02/2012;;73;doucy en bauges;bauges;;;;;;1;1;1;1;0;0;1;0;0;randonn‚e;;;2;humide;tendre;lin‚aire;naturelle;;;;;;
1112-73-04;09/04/2012;11:30;73;pralognan;haute maurienne;combe de rosoire;;3200;;NO;7;3;0;0;0;0;0;0;3;randonn‚e;;mont‚e;2;sŠche;tendre;lin‚aire;accidentelle soi-mˆme;300;;;;;
1112-73-05;09/04/2012;11:30;73;valmeinier;maurienne;roche noire;;2800;;;2;1;1;1;0;0;1;0;0;randonn‚e;;travers‚e;2;sŠche;tendre;lin‚aire;accidentelle soi-mˆme;;50;;;;
1112-73-06;17/04/2012;19:00;73;saint martin de belleville;vanoise;mont du borgne;32T 0312336 5019279;2950;40-44;NO;3;1;1;1;0;0;1;0;0;randonn‚e;;descente;3;sŠche;tendre;lin‚aire;accidentelle soi-mˆme;200;180;100;;;
1112-73-07;17/04/2012;19:00;73;saint martin de belleville;vanoise;mont du borgne;32T 0312336 5019279;2950;40-44;NO;3;1;0;0;0;1;0;0;1;randonn‚e;;descente;3;sŠche;tendre;lin‚aire;accidentelle soi-mˆme;400;;100;;;
1112-73-08;29/04/2012;13:40;73;bonneval;vanoise;;;;;O;15;1;0;0;0;0;0;1;0;randonn‚e;;mont‚e;;;;lin‚aire;accidentelle soi-mˆme;;;;;;
1112-74-01;21/01/2012;10:00;74;praz sur arly;mont blanc;crˆt du midi;;1780;>45;NE;3;1;0;0;0;1;0;0;1;minage;;travers‚e;4;sŠche;tendre;lin‚aire;accidentelle soi-mˆme;25;;40;;;
1112-74-02;29/01/2012;15:55;74;chamonix;mont blanc;couloir cosmique/la para;45ø53'37'' 06ø51'51'';2300;;NO;4;1;1;1;0;0;1;0;0;hors-piste;;descente;2;humide;dure;lin‚aire;accidentelle soi-mˆme;1000;100;30;;;
1112-74-03;04/02/2012;12:30;74;thollon les m‚mises;chablais;tete de neuva;32t0325929 5137421;1840;35-39;NO;4;1;0;0;0;0;1;0;0;hors-piste;;descente;3;sŠche;tendre;lin‚aire;accidentelle soi-mˆme;300;70;50;;;
1112-74-04;04/02/2012;11:15;74;mieussy;chablais;combe du v‚lard;32T03116945113758;1780;;NO;4;1;1;0;1;0;0;1;0;hors-piste;;descente;3;sŠche;tendre;lin‚aire;accidentelle soi-mˆme;50;10;15;;;
1112-74-05;16/02/2012;;74;contamines montjoie;mont blanc;envers mont joly;;;;;3;3;0;0;0;0;1;0;2;hors-piste;;descente;2;;;lin‚aire;accidentelle soi-mˆme;;;;;;
1112-74-06;21/02/2012;10:00;74;bellevaux;chablais;pointe de chalune;32t 031303 5116923;2050;40-44;O;2;2;0;0;0;0;1;1;0;randonn‚e;;mont‚e;3;sŠche;tendre;lin‚aire;accidentelle soi-mˆme;200;20;50;;;
1112-74-07;03/04/2012;15:50;74;chamonix;mont blanc;bec de la cluy;32t 03421505 095500;1900;30-34;NO;2;1;1;0;1;0;1;0;0;randonn‚e;;travers‚e;2;humide;tendre;lin‚aire;naturelle;300;10;;;;
1112-74-08;28/04/2012;12:55;74;chamonix;mont blanc;glacier du milieu;;;;;3;1;0;0;0;0;1;0;0;alpinisme;;;;sŠche;;lin‚aire;accidentelle soi-mˆme;;;;;;
1112-74-09;12/07/2012;05:20;74;chamonix;mont blanc;mont maudit;32t 0334992 5079521;4200;40-44;N;23;23;9;9;0;0;9;7;7;alpinisme;;mont‚e;;sŠche;dure;lin‚aire;naturelle s‚rac/corniche;200;;;;;
1011-05-01;08/01/2011;11:06;05;monetier les bains;pelvoux;cibouit;;;;;2;1;1;;;;0;0;1;hors-piste;;descente;3;sŠche;tendre;lin‚aire;accidentelle soi-mˆme;;100;50;;;
1011-05-02;30/01/2011;10:00;05;molines;queyras;col agnel;32t0339842  4950312;2650;35-39;O;8;4;1;;;;1;0;3;randonn‚e;;mont‚e;2;sŠche;tendre;lin‚aire;accidentelle soi-mˆme;30;40;100;;;
1011-05-03;19/02/2011;13:10;05;orciŠres;champsaur;col de la montagne haute / mourre froid;;2800;35-39;N;6;3;1;;;;0;1;2;randonn‚e;;mont‚e;3;sŠche;tendre;lin‚aire;accidentelle soi-mˆme;200;150;80;;;
1011-05-04;26/02/2011;16:10;05;orciŠres;champsaur;col combeau / grande autane;32t 0292853  4947510;2100;40-44;N;7;3;0;;;;0;1;2;randonn‚e;;descente;3;sŠche;tendre;lin‚aire;naturelle;100;5;30;;;
1011-05-05;02/03/2011;16:40;05;val des pr‚s;queyras;vallon de Vachette / secteur ombilic;;2005;35-39;NO;3;1;0;;;;0;0;1;hors-piste;;descente;3;sŠche;tendre;lin‚aire;accidentelle soi-mˆme;500;60;60;;;
1011-05-06;16/03/2011;14:30;05;ceillac;queyras;col du tronchet;;2600;35-39;NO;;1;1;;;;0;0;1;randonn‚e;;;4;sŠche;tendre;lin‚aire;accidentelle soi-mˆme;;;;;;
1011-05-07;18/03/2011;14:00;05;ceillac;queyras;ravin clausis;"44ø38'32.9""  6ø51'40.9""";2300;30-34;N;2;1;1;;;;1;0;0;randonn‚e;;descente;4;sŠche;dure;lin‚aire;accidentelle soi-mˆme;50;90;50;;;
1011-05-08;19/03/2011;12:05;05;ceillac;queyras;vallon beaubarnon;32t 0328612  4945259;2530;30-34;N;4;4;3;;;;3;0;1;randonn‚e;;descente;3;sŠche;tendre;lin‚aire;accidentelle soi-mˆme;150;500;60;;;
1011-05-09;19/03/2011;15:30;05;molines;queyras;rif ousselat;32t 0333526  4953556;2540;40-44;N;2;1;1;;;;1;0;0;hors-piste;;descente;3;sŠche;tendre;lin‚aire;accidentelle soi-mˆme;450;800;70;;;
1011-05-10;03/04/2011;11:30;05;risoul;embrunnais;les c“tes du liŠvre;;2400;;NO;2;1;1;;;;0;1;0;hors-piste;;descente;4;sŠche;dure;lin‚aire;accidentelle soi-mˆme;;;;;;
1011-09-01;18/02/2011;;09;ustou;couserans;etang de la lacarde;"42ø44'30.5""  1ø16'22.4""";2000;30-34;N;2;1;1;;;;0;0;1;randonn‚e;;descente;3;sŠche;tendre;lin‚aire;accidentelle soi-mˆme;80;350;40;;;
1011-26-01;03/12/2010;16:00;26;ombleze;vercors;roc de toulan;"44ø53'26.8""  05ø14'05.4""";1000;30-34;O;1;1;0;;;;0;1;0;randonn‚e;;mont‚e;;sŠche;tendre;lin‚aire;accidentelle soi-mˆme;;40;40;;;
1011-31-01;22/02/2011;;31;O“;;vallon d'esquierry;"42ø45'20.8""  00ø27'56.2""";2250;35-39;SE;2;2;2;;;;2;0;0;randonn‚e;;descente;4;humide;tendre;ponctuel;naturelle;180;;;;;
1011-38-01;05/12/2010;11:45;38;st pierre de chartreuse;chartreuse;col des ayes;"45ø18'39.7""  5ø50'23.9""";1570;35-39;NE;3;3;3;;;;3;0;0;randonn‚e;;mont‚e;;sŠche;tendre;lin‚aire;accidentelle soi-mˆme;100;25;50;;;
1011-38-02;26/12/2010;15:15;38;alpe d'huez;grandes rousses;pic blanc;;3200;;O;2;1;0;;;;0;1;0;hors-piste;;descente;3;sŠche;tendre;lin‚aire;accidentelle soi-mˆme;;;;;;
1011-38-03;12/01/2011;13:30;38;les deux alpes;oisans;chalance;;2800;30-34;SO;4;2;0;;;;0;0;2;hors-piste;;descente;3;sŠche;tendre;lin‚aire;accidentelle soi-mˆme;;;;;;
1011-38-04;21/02/2011;14:00;38;les deux alpes;oisans;chalance;;2500;30-34;SO;2;2;0;;;;0;0;2;hors-piste;;;3;sŠche;tendre;lin‚aire;accidentelle soi-mˆme;80;45;30;;;
1011-38-05;28/02/2011;;38;corren‡on en vercors;vercors;rancs de combevieux;"45ø00'18.4"" / 5ø32'40.5''";1850;30-34;N;4;3;3;;;;1;2;0;hors-piste;;travers‚e;3;sŠche;tendre;lin‚aire;accidentelle soi-mˆme;150;50;70;;;
1011-63-01;28/11/2010;14:00;63;le mont dore;sancy;puy redon / couloir de l'envers du redon;"45ø31'58.0""  2ø48'23""";1725;40-44;NO;2;1;0;;;;0;1;0;randonn‚e;;descente;;sŠche;tendre;lin‚aire;accidentelle soi-mˆme;200;;;;;
1011-65-01;06/03/2011;13:30;65;cauteret;haute bigorre;refuge d'ilh‚ou/pic N‚;;2000;;;3;3;1;;;;0;1;2;randonn‚e;;;2;;;lin‚aire;accidentelle soi-mˆme;;;;;;
1011-65-02;08/05/2011;10:00;65;gedre;haute bigorre;pic de Gabiedou;31T 0262103  4733774;2280;>45;NO;2;1;1;;;;1;0;0;randonn‚e;;mont‚e;;humide;tendre;lin‚aire;naturelle;100;;;;;
1011-66-01;05/03/2011;12:50;66;port‚ puymorens;capcir puymorens;face NO pic de l'Estagnol;;2300;35-39;NO;2;1;1;;;;0;1;0;hors-piste;;descente;3;sŠche;dure;lin‚aire;accidentelle tiers;100;15;60;;;
1011-68-01;17/12/2010;12:40;68;mittlach;hohneck;couloir du rainkopf;"48ø0'260""  6ø58'592""";1300;30-34;E;2;1;0;;;;0;1;0;randonn‚e;;descente;;sŠche;tendre;lin‚aire;accidentelle soi-mˆme;200;30;30;;;
1011-68-02;28/12/2010;13:45;68;Metzeral;hohneck;wormspel;"7ø1'13.8""  48ø2'16""";1244;35-39;NE;5;1;0;;;;0;1;0;alpinisme;;travers‚e;;sŠche;tendre;lin‚aire;accidentelle soi-mˆme;90;25;25;;;
1011-73-01;01/11/2010;09:00;73;Bessans;Haute Maurienne;couloir Roche MIchel;;3100;35-39;N;3;3;3;;;;3;0;0;alpinisme;;mont‚e;;sŠche;tendre;lin‚aire;accidentelle soi-mˆme;700;150;50;;;
1011-73-02;12/11/2010;08:20;73;val isŠre;haute tarentaise;RD col Iseran Le Quartz;;2480;;N;5;2;0;;;;1;1;0;voie de communication;;mont‚e;;humide;tendre;lin‚aire;;100;;;;;
1011-73-03;09/12/2010;12:37;73;val isŠre;haute tarentaise;charvet couloir des pisteurs;45ø25'39.9''  6ø57'13.3'';2650;>45;N;2;2;1;;;;1;1;0;hors-piste;;descente;;sŠche;tendre;lin‚aire;accidentelle soi-mˆme;300;3;100;;;
1011-73-04;10/12/2010;15:00;73;orelle;vanoise;hors-piste sous cime caron;"45ø15'7.9"" 6ø33'32.7""";2820;30-34;S;9;4;0;;;;0;1;3;hors-piste;;travers‚e;;sŠche;tendre;lin‚aire;accidentelle soi-mˆme;200;80;80;;;
1011-73-05;26/12/2010;09:34;73;val isŠre;haute tarentaise;combe du signal;"45ø25'47.5""  7ø01'40.6""";2740;40-44;N;4;2;2;;;;1;0;1;hors-piste;;travers‚e;3;sŠche;tendre;lin‚aire;accidentelle soi-mˆme;100;50;140;;;
1011-73-06;14/12/2010;12:50;73;tignes;haute tarentaise;grande combe / grande sassiŠre;"45ø30'22.2""  6ø58'33.6""";3100;35-39;SO;7;1;1;;;;1;0;0;randonn‚e;;mont‚e;3;sŠche;tendre;lin‚aire;accidentelle soi-mˆme;150;50;60;;;
1011-73-07;11/01/2011;11:03;73;val isŠre;haute tarentaise;pointe du grand vallon;"45ø26'38.9""  7ø02'16.6""";2700;35-39;N;7;5;4;;;;4;0;1;hors-piste;;descente;3;sŠche;tendre;lin‚aire;accidentelle soi-mˆme;700;70;80;;;
1011-73-08;26/02/2011;11:30;73;montricher albanne;maurienne;col du pertuite grande chible;"45ø10'42.9""  6ø23'09.6""";2500;30-34;NE;2;1;0;;;;0;0;1;randonn‚e;;descente;2;sŠche;dure;lin‚aire;accidentelle soi-mˆme;50;100;70;;;
1011-73-09;04/03/2011;15:15;73;val isŠre;haute tarentaise;barriere de quartz;;2400;35-39;NO;2;1;1;;;;0;1;0;hors-piste;;descente;3;sŠche;tendre;lin‚aire;accidentelle soi-mˆme;120;60;50;;;
1011-73-10;04/03/2011;;73;villarodin bourget;maurienne;station la norma;;;;;2;1;0;;;;0;1;0;hors-piste;;descente;3;;;;;;;;;;
1011-73-11;05/03/2011;14:30;73;bessans;haute maurienne;andagne;;3000;;NO;3;2;1;;;;0;1;1;hors-piste;;descente;4;sŠche;tendre;lin‚aire;accidentelle soi-mˆme;300;200;180;;;
1011-73-12;18/03/2011;12:00;73;val isŠre;haute tarentaise;envers de cugna‹;;2850;35-39;NO;6;1;1;;;;1;0;0;hors-piste;;descente;3;sŠche;tendre;lin‚aire;accidentelle soi-mˆme;580;120;90;;;
1011-73-13;18/03/2011;13:00;73;m‚ribel;vanoise;mont du vallon lac du borgne;;;;;;1;1;;;;1;0;0;hors-piste;;descente;3;sŠche;tendre;lin‚aire;;;;;;;
1011-73-14;20/03/2011;14:35;73;champagny;vanoise;GliŠres;;;;;4;1;1;;;;1;0;0;randonn‚e;;;3;;;;;;;;;;
1011-73-15;21/03/2011;12:40;73;lanslebourg;haute maurienne;;;2530;;NE;2;2;0;;;;0;0;2;hors-piste;;descente;3;sŠche;dure;lin‚aire;accidentelle soi-mˆme;180;40;60;;;
1011-73-16;21/03/2011;12:54;73;ste foy tarentaise;haute tarentaise;pointe de l'argentiŠre;;2750;35-39;NO;10;2;2;;;;0;1;1;randonn‚e;;descente;3;sŠche;dure;lin‚aire;accidentelle soi-mˆme;400;80;60;;;
1011-73-17;31/03/2011;11:10;73;val isŠre;haute tarentaise;solaise;;3000;35-39;SE;2;2;1;;;;0;1;1;hors-piste;;descente;3;sŠche;tendre;lin‚aire;accidentelle soi-mˆme;80;30;50;;;
1011-73-18;01/04/2011;11:35;73;val isŠre;haute tarentaise;face est de Charvet;;2660;40-44;E;7;1;0;;;;0;1;0;hors-piste;;travers‚e;3;humide;tendre;ponctuel;accidentelle soi-mˆme;600;;;;;
1011-73-19;03/04/2011;13:00;73;bessans;haute maurienne;vallon oney - ouille arb‚ron;;2500;35-39;NO;8;4;0;;;;0;1;3;randonn‚e;;descente;3;sŠche;dure;lin‚aire;accidentelle soi-mˆme;;;;;;
1011-73-20;16/05/2011;09:35;73;orelle;vanoise;col de gebroulaz;;3434;30-34;E;1;1;0;;;;0;0;1;randonn‚e;;mont‚e;;sŠche;dure;lin‚aire;accidentelle soi-mˆme;150;200;;;;
1011-73-21;02/12/2010;11:30;73;tignes;haute tarentaise;toviŠre;;2580;35-39;O;3;1;1;;;;0;1;0;hors-piste;;descente;;sŠche;tendre;lin‚aire;accidentelle tiers;80;50;50;;;
1011-73-22;10/01/2011;;73;tignes;haute tarentaise;couloir des tuffs;;2400;35-39;O;4;1;0;;;;0;1;0;hors-piste;;descente;3;sŠche;tendre;lin‚aire;accidentelle tiers;200;20;20;;;
1011-73-23;20/03/2011;10:00;73;tignes;haute tarentaise;oreilles de mickey;;2600;;SO;3;2;0;;;;0;2;0;hors-piste;;descente;3;sŠche;;lin‚aire;accidentelle tiers;150;80;150;;;
1011-74-01;28/11/2010;12:00;74;mieussy;chablais;haute-pointe;;1950;40-44;SE;15;2;2;;;;0;0;2;randonn‚e;;mont‚e;;sŠche;tendre;lin‚aire;accidentelle soi-mˆme;100;20;10;;;
1011-74-02;04/12/2010;13:05;74;la clusaz;aravis;combe borderan;"6ø28'30"""" 45ø53'10''";2350;;NO;3;3;1;;;;0;3;0;randonn‚e;;mont‚e;;sŠche;tendre;lin‚aire;accidentelle tiers;400;50;100;;;
1011-74-03;21/12/2010;13:20;74;chamonix;chablais;combe d'encrenaz;32t0338270  5096477;2300;40-44;SE;3;1;1;;;;0;0;1;randonn‚e;;descente;3;sŠche;dure;lin‚aire;accidentelle soi-mˆme;400;20;40;;;
1011-74-04;21/12/2010;;74;samoens;chablais;station;;;;;2;2;0;;;;0;2;0;hors-piste;;descente;3;;;lin‚aire;accidentelle soi-mˆme;;;;;;
1011-74-05;22/12/2010;11:00;74;contamines;mont blanc;chalet balme;"45ø44'57.6""  6ø42'33.3""";2050;35-39;SO;9;1;1;;;;0;1;0;randonn‚e;;travers‚e;3;sŠche;dure;lin‚aire;accidentelle soi-mˆme;250;80;50;;;
1011-74-06;22/12/2010;11:00;74;Hauteluce;mont blanc;col de la fenˆtre;;2150;<30;O;2;2;1;;;;0;2;0;randonn‚e;;mont‚e;3;sŠche;tendre;lin‚aire;accidentelle soi-mˆme;50;50;40;;;
1011-74-07;24/12/2010;15:00;74;Vallorcine;mont blanc;balme;;2175;>45;NE;1;1;0;;;;0;1;0;minage;;travers‚e;3;sŠche;tendre;lin‚aire;accidentelle soi-mˆme;75;15;30;;;
1011-74-08;26/12/2010;10:55;74;le reposoir;aravis;col de l'encrenaz;;1950;30-34;S;3;1;1;;;;0;1;0;randonn‚e;;mont‚e;3;sŠche;dure;lin‚aire;accidentelle soi-mˆme;30;15;20;;;
1011-74-09;03/03/2011;;74;vacheresse;chablais;pointe de b‚n‚vent;;;;;3;3;0;;;;0;2;1;randonn‚e;;;3;;;lin‚aire;accidentelle soi-mˆme;150;;;;;
1011-74-10;17/03/2011;15:15;74;chamonix;mont blanc;plan de l'aiguille torrent de blaitiere;"45ø54'28.4""  6ø53'42.3""";2230;35-39;N;5;1;0;;;;0;1;0;randonn‚e;;mont‚e;3;sŠche;dure;lin‚aire;accidentelle soi-mˆme;450;40;40;;;
1011-74-11;20/03/2011;12:05;74;magland;aravis;face nord pointe d'Areu;32t 0312804  5094955;2430;35-39;NO;3;1;1;;;;1;0;0;randonn‚e;;descente;3;sŠche;tendre;lin‚aire;accidentelle soi-mˆme;500;350;40;;;
1011-74-12;04/06/2011;17:25;74;chamonix;mont blanc;aiguille du chardonnet;"45ø58'08.5"" / 6ø59'51.2""";3650;>45;SO;2;1;1;;;;1;0;0;alpinisme;;descente;;humide;tendre;ponctuel;naturelle;150;;;;;
